Id;X;Y;Surface;Altitude;Type;Maladie;Date
1;55,49859247;-21,05335602;3015,417472;732,1327851;Officiel;0;03/09/2019
2;55,49739835;-21,05274376;1714,753058;744,1397251;Officiel;0;26/06/2018
3;55,50414223;-21,05972352;856,9595469;795,831014;NA;NA;NA
4;55,50358465;-21,05926096;538,7331832;781,6437598;NA;NA;NA
5;55,54994889;-21,31699492;7050,787418;677,4561682;Officiel;0;01/01/2017
6;55,58143848;-21,35668698;1088,706781;296,9887633;NA;NA;NA
7;55,43313576;-21,29447562;13001,48936;78,17593537;NA;NA;NA
9;55,54281574;-21,02733471;25023,12996;451,6049755;Mixte;1;27/03/2018
10;55,54235664;-21,01945715;8099,303043;505,6660678;Officiel;0;01/01/2015
11;55,52214437;-21,04972586;35681,64866;721,6989035;Officiel;0;01/01/2016
13;55,52234205;-21,03539738;1463,294457;713,2219287;NA;NA;NA
14;55,51204918;-21,03053104;5502,560726;815,7134281;Officiel;0;01/01/2016
15;55,55775515;-21,2824379;619,7706921;957,2296565;Officiel;0;21/05/2019
16;55,57607432;-21,34195615;1697,14035;534,5108159;Mixte;1;01/01/2016
17;55,56666064;-21,3288005;1264,62818;647,480241;Mixte;1;01/01/2016
18;55,57862667;-21,33019941;5848,640585;724,3600406;Officiel;1;01/01/2017
19;55,45956636;-21,28045665;9612,549956;202,0370386;Officiel;0;01/01/2017
20;55,65843785;-21,35368604;3387,474413;348,1893404;Officiel;0;01/01/2017
21;55,5807794;-21,33648246;1959,062365;655,1079031;Officiel;0;21/05/2019
22;55,5772204;-21,33374378;5308,501229;681,1923159;Officiel;0;01/01/2017
23;55,65357283;-21,32928159;15454,81826;731,4847959;Mixte;0;16/04/2019
24;55,80785782;-21,18295699;6564,469635;422,9065015;Officiel;0;01/01/2017
25;55,62048117;-21,01088974;7850,05031;519,499768;Officiel;0;01/01/2017
26;55,67996069;-21,35243764;2118,386836;469,1774006;Officiel;0;01/01/2017
27;55,52398321;-21,03247818;4491,941952;659,5717742;NA;NA;NA
29;55,54492336;-21,24736745;332,9819487;984,7489461;NA;NA;NA
30;55,54569997;-21,25088905;4796,584519;957,1279038;NA;NA;NA
31;55,55032304;-21,24122078;440,6879079;1116,0209;NA;NA;NA
35;55,54742449;-21,25329334;366,7253674;959,3116252;NA;NA;NA
36;55,54778572;-21,25732277;1562,64162;947,7329259;NA;NA;NA
37;55,54778915;-21,24382284;1714,224399;1058,633049;Officiel;0;28/08/2018
39;55,54655544;-21,24442253;325,7909187;1035,350516;NA;NA;NA
40;55,53878841;-21,24749932;1040,150009;944,3586662;NA;NA;NA
41;55,54711933;-21,24410722;4148,528378;1047,433665;Officiel;0;28/08/2018
42;55,53871198;-21,24462608;1076,036882;972,2802249;NA;NA;NA
43;55,54736638;-21,24422744;3024,044522;1047,747532;Officiel;0;28/08/2018
44;55,54796614;-21,24334722;2802,053064;1066,856568;Officiel;0;28/08/2018
45;55,54570932;-21,2457016;860,5801992;1008,870337;NA;NA;NA
46;55,54595116;-21,24534399;824,8503423;1015,875195;NA;NA;NA
47;55,546123;-21,24513653;790,4766393;1021,254463;NA;NA;NA
48;55,54527536;-21,24890783;1841,351964;976,0167339;NA;NA;NA
49;55,54782394;-21,2483941;1659,56086;999,4225517;NA;NA;NA
53;55,54510277;-21,2547247;1121,510677;923,5315876;Officiel;0;28/08/2018
55;55,54550391;-21,2551978;1306,445194;940,9417603;NA;NA;NA
56;55,53525624;-21,24473729;1337,955749;940,6788267;NA;NA;NA
57;55,53503835;-21,24481866;923,61382;940,2139343;NA;NA;NA
58;55,5460782;-21,24565891;1119,082359;1013,580388;NA;NA;NA
59;55,54584553;-21,24602125;1804,713377;1006,876138;NA;NA;NA
60;55,54353668;-21,24907571;1074,153519;957,936978;NA;NA;NA
62;55,54364506;-21,24165262;493,0312451;1058,094436;NA;NA;NA
63;55,54453281;-21,24177267;333,2870386;1066,144688;NA;NA;NA
64;55,54741419;-21,24092768;1563,30045;1103,365069;NA;NA;NA
65;55,54775845;-21,24118434;2290,925038;1099,99623;NA;NA;NA
66;55,54267922;-21,02819822;1298,574105;485,0175307;Officiel;0;27/03/2018
67;55,51716959;-21,2499432;321,1367422;795,7777147;NA;NA;NA
68;55,54853433;-21,24340006;388,8115885;1070,955294;Officiel;0;28/08/2018
69;55,51706113;-21,25037293;130,4193489;791,6923726;NA;NA;NA
70;55,52220006;-21,23893889;1144,561928;931,2815743;Mixte;0;28/08/2018
71;55,51876203;-21,24891064;1661,480747;818,1152868;NA;NA;NA
72;55,51805678;-21,25009222;1563,988895;805,9847686;NA;NA;NA
73;55,5183143;-21,25042474;745,2909738;807,24557;NA;NA;NA
77;55,51489974;-21,23646042;2660,156166;910,4563729;NA;NA;NA
83;55,49142299;-21,25401494;8123,857821;513,5521092;NA;NA;NA
85;55,51025579;-21,23925542;2395,11314;837,5433298;Officiel;0;21/05/2019
86;55,51778849;-21,25374835;541,9185368;763,0900853;NA;NA;NA
88;55,51624743;-21,2498824;3603,152186;790,3283252;NA;NA;NA
99;55,57731291;-21,31065612;8044,72694;966,6057855;Officiel;0;01/01/2015
101;55,51910674;-21,24961411;979,1957996;815,2880932;NA;NA;NA
104;55,32374774;-21,01755695;4644,33181;671,3625696;Officiel;0;19/02/2019
105;55,7091399;-21,11656413;11130,8991;431,2548944;Officiel;0;03/09/2019
106;55,51857453;-21,24925279;1557,162951;813,6118173;Mixte;0;18/09/2019
107;55,52872362;-21,23069979;1786,881303;1067,165873;Officiel;0;01/01/2016
108;55,52949114;-21,23056317;8413,105457;1073,764268;Officiel;0;22/01/2019
113;55,48302468;-21,26672566;1101,95533;374,3884052;NA;NA;NA
123;55,5777487;-21,34022909;5198,344883;569,3000336;Officiel;1;19/03/2019
124;55,57774349;-21,34359961;2634,503326;506,1898392;Mixte;1;19/03/2019
134;55,55473222;-21,33810991;955,171529;477,2932881;NA;NA;NA
135;55,55492586;-21,33729702;1876,646919;489,7854596;NA;NA;NA
153;55,5702174;-21,33844707;1226,591739;563,195734;NA;NA;NA
168;55,5772403;-21,34449415;781,1696139;495,4974421;NA;NA;NA
169;55,57681807;-21,34456251;2077,121398;489,7743444;NA;NA;NA
170;55,57704673;-21,34473991;1356,171154;488,3506375;NA;NA;NA
183;55,57715607;-21,31215029;3904,041178;973,8619701;Officiel;0;16/07/2019
196;55,57160601;-21,31864554;1235,597793;860,7018709;NA;NA;NA
199;55,55435715;-21,35188444;656,4557572;297,3389734;NA;NA;NA
204;55,55025897;-21,35823596;727,6384092;189,8992419;NA;NA;NA
205;55,57654845;-21,35963307;2123,02912;245,4564416;NA;NA;NA
207;55,57409377;-21,32434596;2704,199481;772,7146454;NA;NA;NA
224;55,56148211;-21,3343478;1776,709517;534,5829191;NA;NA;NA
228;55,58842228;-21,33904363;1307,526508;622,7404548;NA;NA;NA
229;55,58799521;-21,33903322;1269,553188;619,6536831;NA;NA;NA
237;55,5823914;-21,36150301;2730,887857;231,0402003;Mixte;1;01/01/2017
238;55,58173794;-21,3612149;4651,823177;230,7050846;NA;NA;NA
239;55,580826;-21,36003815;10863,01507;248,1372236;Mixte;1;19/03/2019
240;55,58528016;-21,35748113;6934,29259;302,307157;NA;NA;NA
241;55,58232926;-21,35730505;13268,40537;297,1860876;NA;NA;NA
242;55,58119422;-21,35791349;1952,700676;277,8588841;Officiel;0;01/01/2016
243;55,58101025;-21,35807314;741,4949787;277,0642672;Officiel;0;01/01/2017
244;55,58055883;-21,3574314;7427,124615;273,5776979;NA;NA;NA
245;55,55884552;-21,35844971;2635,212759;226,7528095;Officiel;1;01/01/2016
246;55,55788867;-21,35807764;2960,624089;220,3874259;NA;NA;NA
261;55,5858782;-21,33999885;2125,51782;601,8214804;NA;NA;NA
262;55,58385251;-21,33898796;582,8143875;597,8902065;NA;NA;NA
263;55,5846729;-21,33941158;14637,33279;588,3929284;NA;NA;NA
271;55,56462857;-21,33370831;1750,123121;586,0392757;NA;NA;NA
277;55,56454997;-21,31969807;2275,651197;795,5451722;NA;NA;NA
278;55,56462022;-21,32036302;3547,873489;785,8251779;Officiel;0;01/01/2017
283;55,53912791;-21,36144737;2202,038331;54,92176103;NA;NA;NA
287;55,54650254;-21,34852877;11770,24747;296,1188654;Mixte;1;21/05/2019
292;55,55486773;-21,33782223;924,7902033;482,6322029;NA;NA;NA
298;55,58036696;-21,36071888;949,9805961;237,9942236;NA;NA;NA
300;55,58036823;-21,35697863;400,4364602;272,8445659;NA;NA;NA
301;55,58096426;-21,35748468;1405,242729;283,6642151;NA;NA;NA
302;55,58142936;-21,35711959;1608,786191;289,4778919;NA;NA;NA
303;55,58311407;-21,35804804;2628,932531;291,6708622;NA;NA;NA
304;55,58260707;-21,3568985;1168,068199;307,6259817;NA;NA;NA
305;55,58320073;-21,35724409;3683,062417;306,8625168;NA;NA;NA
306;55,58567429;-21,35543143;1863,334228;335,6080583;NA;NA;NA
307;55,58477042;-21,34515038;2295,171366;500,9207385;NA;NA;NA
310;55,58671073;-21,34013147;592,8924228;617,124082;NA;NA;NA
311;55,54397614;-21,35447809;3179,970865;185,3004697;NA;NA;NA
312;55,58718231;-21,35878468;422,6861456;281,6431359;NA;NA;NA
313;55,55290919;-21,34384212;4015,754212;394,6341794;Mixte;1;01/01/2017
314;55,57897143;-21,36060562;1868,930873;223,6969997;Officiel;1;01/01/2017
316;55,54495861;-21,3576952;3277,100897;138,7744184;NA;NA;NA
317;55,54588628;-21,35616336;1067,875696;171,0211649;NA;NA;NA
318;55,5853239;-21,34469922;5755,287856;514,3008761;NA;NA;NA
323;55,57070121;-21,36894062;2881,603318;162,5945783;NA;NA;NA
328;55,55362428;-21,34987395;1761,281163;310,8695768;NA;NA;NA
329;55,56596593;-21,36973448;1135,294486;149,473553;NA;NA;NA
333;55,55912015;-21,36258771;2309,014364;190,7748216;NA;NA;NA
334;55,56767669;-21,36224372;11857,47003;220,9338039;Mixte;1;28/12/2016
335;55,56152187;-21,34349097;2487,079662;451,4302399;Mixte;1;01/01/2017
336;55,56193639;-21,34370323;1733,167495;450,3413675;NA;NA;NA
338;55,55413291;-21,3476596;2650,527222;344,0927259;NA;NA;NA
344;55,58186595;-21,33547877;1916,118104;672,950349;NA;NA;NA
345;55,57249523;-21,31996531;2343,862725;840,0451355;NA;NA;NA
346;55,57241034;-21,31941282;4714,338769;851,5697611;NA;NA;NA
347;55,57185396;-21,32024378;6916,021303;831,1478059;NA;NA;NA
348;55,57132137;-21,3200801;4999,022192;833,806995;Officiel;0;01/01/2017
349;55,57042757;-21,32068659;3582,899437;816,4300893;NA;NA;NA
350;55,56097617;-21,34956204;1030,784855;363,3908969;NA;NA;NA
351;55,56026249;-21,34953575;3140,943313;351,7839381;Officiel;1;19/03/2019
352;55,56071796;-21,34904106;611,8511808;368,9316817;NA;NA;NA
353;55,5597367;-21,34978765;760,6839868;343,7620599;NA;NA;NA
354;55,55879947;-21,34902419;597,198134;353,5266431;NA;NA;NA
355;55,56014421;-21,34911725;2423,457432;356,4013515;Officiel;0;19/03/2019
356;55,55940889;-21,34916625;1553,924398;356,1904126;Mixte;1;19/03/2019
357;55,55911916;-21,37027291;5544,268571;120,0950047;NA;NA;NA
358;55,57272023;-21,36066038;1804,254609;285,4735413;NA;NA;NA
359;55,55787517;-21,34973195;232,1171864;328,5370738;Mixte;1;19/03/2019
360;55,55970587;-21,34963747;520,7938711;343,835144;Mixte;1;19/03/2019
361;55,57678129;-21,31139471;11416,8385;970,8401025;Officiel;0;16/07/2019
362;55,5774042;-21,31173762;3355,384598;972,3413014;Officiel;0;16/07/2019
376;55,58089703;-21,32833504;3513,248513;766,1735257;Officiel;0;01/01/2017
386;55,58229302;-21,33659472;850,979706;655,6016433;NA;NA;NA
388;55,55535768;-21,33776066;2330,898382;484,5054445;NA;NA;NA
389;55,58223676;-21,33714213;351,7006974;643,379872;NA;NA;NA
390;55,55195468;-21,33825929;3178,549125;444,4962714;NA;NA;NA
391;55,58608652;-21,34022934;2652,026605;604,6021341;NA;NA;NA
394;55,56230818;-21,34387471;2384,526593;448,5246624;NA;NA;NA
399;55,58548433;-21,34530194;611,4475732;499,3426634;NA;NA;NA
400;55,55443808;-21,34744258;559,82459;346,6523399;Mixte;1;01/01/2015
406;55,57613007;-21,35272366;296,2507145;341,2772878;NA;NA;NA
407;55,58176791;-21,35256052;1598,099024;366,2348332;NA;NA;NA
408;55,54441353;-21,35481277;2186,286721;190,5948157;NA;NA;NA
409;55,54464351;-21,35450474;2296,433013;196,5815059;NA;NA;NA
412;55,58053928;-21,35819891;1571,233546;269,8504218;NA;NA;NA
413;55,58676655;-21,35869223;2899,825446;283,054653;Mixte;1;25/06/2019
415;55,55053434;-21,35815273;1619,855373;191,1268317;NA;NA;NA
416;55,53995214;-21,36101465;1506,864702;63,3804463;NA;NA;NA
418;55,5398984;-21,36161811;1756,97685;59,6417412;NA;NA;NA
421;55,57267007;-21,3598766;1609,479546;285,8555096;Mixte;1;01/01/2017
422;55,58072065;-21,36063293;3643,961895;241,5254549;Officiel;1;19/03/2019
427;55,55394249;-21,36804559;2889,047986;102,1185183;Officiel;0;01/01/2016
428;55,55426894;-21,36836751;1119,112032;106,0274952;NA;NA;NA
429;55,56173936;-21,36907425;2461,746045;145,9019713;NA;NA;NA
430;55,56225038;-21,36855618;2840,043877;162,9331767;NA;NA;NA
431;55,56262112;-21,36820486;911,5399903;167,5622665;NA;NA;NA
432;55,56873775;-21,36822893;2163,102859;183,5178945;NA;NA;NA
433;55,56728497;-21,37061211;319,2172265;131,9644063;NA;NA;NA
434;55,56733362;-21,37013343;1738,95686;142,3597824;NA;NA;NA
435;55,56762143;-21,37059674;448,4056235;130,4794279;NA;NA;NA
436;55,56738586;-21,37046205;242,9864319;133,9630418;NA;NA;NA
437;55,56783033;-21,37001373;2842,842588;140,8135754;NA;NA;NA
438;55,56817987;-21,3692651;5530,647008;159,6144284;Officiel;1;01/01/2016
449;55,5690468;-21,3661648;170,6052823;202,0187759;Officiel;1;01/01/2016
450;55,56896072;-21,3660942;731,1056003;200,2030167;NA;NA;NA
451;55,55893109;-21,34954745;3624,125427;345,1834761;Officiel;1;19/03/2019
458;55,53924167;-21,2142261;3069,403401;1277,810882;NA;NA;NA
459;55,69587027;-21,11013156;5235,663184;466,8351135;NA;NA;NA
464;55,60702125;-21,33468493;1741,840949;627,6295833;NA;NA;NA
487;55,29177976;-21,07793254;695,2188756;690,9415874;NA;NA;NA
489;55,3339394;-21,0127146;2124,190017;739,8852158;NA;NA;NA
497;55,55189567;-21,29512242;1656,311627;781,9360306;NA;NA;NA
500;55,72743287;-21,09568749;11043,47689;158,930379;NA;NA;NA
526;55,48611054;-21,26975823;5188,604588;374,3349025;NA;NA;NA
552;55,6075117;-21,32962274;10411,69903;644,4733817;NA;NA;NA
574;55,43430749;-21,29490877;30234,19845;86,30666474;Mixte;1;01/01/2017
575;55,56558823;-21,26999568;19583,92904;1136,432293;NA;NA;NA
613;55,25995091;-21,06307826;63826,96931;351,6779723;Officiel;1;17/09/2019
650;55,68312023;-21,04621741;11241,05731;156,5347531;NA;NA;NA
655;55,48839134;-21,32368372;6962,879486;143,5902111;Officiel;0;01/01/2015
661;55,48781252;-21,32342099;3953,515005;143,5403533;Agrumile;1;01/02/2019
675;55,40823024;-21,20249709;2156,643737;931,6009236;NA;NA;NA
690;55,35413006;-21,23160638;10905,27178;577,2658371;NA;NA;NA
711;55,23294723;-21,02599338;47526,76072;84,26153232;Officiel;0;31/07/2018
735;55,53451853;-21,31851899;7816,924707;506,2672759;NA;NA;NA
744;55,46958722;-21,22919098;620,6046553;459,7110467;NA;NA;NA
748;55,48148581;-21,23510643;2141,142784;587,6168856;Officiel;0;25/06/2019
757;55,4905776;-21,30121077;7435,523725;264,4208075;NA;NA;NA
797;55,61231071;-21,31948268;5898,216055;795,9105944;NA;NA;NA
800;55,29185945;-21,07756882;1554,141948;691,4350207;NA;NA;NA
815;55,69688694;-21,03199019;3812,548394;62,8709553;NA;NA;NA
842;55,57289154;-21,30615417;2690,173585;972,6673855;NA;NA;NA
850;55,27724352;-21,04249117;1631,604634;413,1143923;NA;NA;NA
855;55,46993226;-21,22834282;2116,782366;465,293776;NA;NA;NA
884;55,32158116;-21,16221443;2481,478842;732,3733894;NA;NA;NA
886;55,5940465;-21,33180724;941,4722454;783,2610552;NA;NA;NA
950;55,60885231;-21,33952458;2335,622587;567,1416357;NA;NA;NA
962;55,59909035;-21,36204958;10859,59842;275,6988584;NA;NA;NA
972;55,52648977;-21,22955768;887,070868;1069,777017;NA;NA;NA
975;55,48955012;-21,27101647;14076,70736;401,8505325;NA;NA;NA
980;55,48743619;-21,28816696;5734,167903;310,1124736;NA;NA;NA
983;55,61444238;-21,34887694;3431,156915;464,6591805;NA;NA;NA
1015;55,69499037;-21,02671472;877,8103286;67,97066126;NA;NA;NA
1027;55,61004011;-21,33491333;3345,777155;634,3934654;NA;NA;NA
1056;55,73408808;-21,07532538;1558,711601;43,46242905;NA;NA;NA
1057;55,59762195;-21,33434926;3192,650289;715,1577026;NA;NA;NA
1058;55,29211453;-21,03666122;4799,01698;534,9238717;NA;NA;NA
1071;55,5914636;-20,96890729;2335,552343;498,8667159;Officiel;0;01/01/2016
1095;55,37094866;-21,28183184;8114,621253;5,437103726;Mixte;1;16/04/2019
1120;55,61489608;-21,32525332;4299,087664;740,226115;NA;NA;NA
1181;55,54715771;-21,31787554;2391,143259;633,4780291;NA;NA;NA
1187;55,3213691;-21,03596255;6723,953385;870,5323664;NA;NA;NA
1206;55,38671212;-21,25582244;12285,71425;180,5000302;Officiel;0;08/08/2019
1210;55,29186165;-21,12439471;2219,470156;531,6893921;NA;NA;NA
1223;55,27672975;-21,05623406;16982,94468;444,1051952;NA;NA;NA
1278;55,32611322;-21,17887303;14156,28736;743,6174526;NA;NA;NA
1289;55,69071647;-21,10879148;6742,57335;528,7157961;Officiel;0;03/09/2019
1301;55,63782055;-21,36712387;8245,901316;228,8573283;NA;NA;NA
1339;55,58642622;-20,97631355;16079,43123;634,2535001;Officiel;0;26/06/2018
1348;55,23824912;-21,0378507;55177,73;89,21319213;NA;NA;NA
1359;55,59715835;-21,34149039;2594,157979;584,239381;NA;NA;NA
1360;55,2671756;-21,05572758;7570,530677;392,2973195;Officiel;0;19/02/2019
1365;55,5955353;-21,35070869;10236,24848;434,2076176;NA;NA;NA
1366;55,54162177;-21,0320894;4957,133818;548,4234126;NA;NA;NA
1382;55,47081847;-21,22438127;9801,15832;503,0125431;NA;NA;NA
1383;55,47095454;-21,22442646;2752,612608;492,3331182;Officiel;0;06/08/2019
1404;55,59397394;-21,32989955;3676,97905;807,5395008;NA;NA;NA
1428;55,59160085;-21,33576316;4775,671087;683,4936176;NA;NA;NA
1429;55,38816452;-21,25833297;31973,72358;136,7035622;Officiel;0;06/08/2019
1439;55,59180395;-21,33960397;3111,238185;618,7193584;NA;NA;NA
1454;55,69470536;-21,03187494;11805,70283;94,19527998;NA;NA;NA
1490;55,22573316;-21,04311564;41531,90296;54,00151525;Officiel;0;31/07/2018
1526;55,56097319;-21,27508207;4133,114654;1043,819028;Mixte;1;18/09/2018
1529;55,69907676;-21,11103021;10103,73554;441,2714878;Officiel;0;03/09/2019
1546;55,61547188;-21,32140962;11374,13245;805,2769518;NA;NA;NA
1560;55,3065102;-21,0482775;21094,41195;755,568278;Officiel;0;19/02/2019
1585;55,60847482;-21,32489675;17101,08793;679,5998967;NA;NA;NA
1605;55,2736907;-21,05778621;3961,265605;429,6636017;NA;NA;NA
1608;55,61369054;-21,3226397;7031,859712;772,3199424;NA;NA;NA
1630;55,59240986;-21,3381962;2232,684913;644,9276155;NA;NA;NA
1640;55,51863521;-21,23432775;4300,037364;955,6592427;Officiel;0;28/08/2018
1657;55,68973088;-21,10937233;5831,52602;535,5731987;Officiel;0;03/09/2019
1684;55,59552327;-21,33047006;12053,02185;803,7601125;NA;NA;NA
1723;55,55096607;-21,31639429;6845,001345;688,1373481;Officiel;0;01/01/2017
1743;55,48731254;-21,30239259;1222,679054;234,351578;NA;NA;NA
1745;55,35089578;-21,00905896;2960,063324;953,328575;Officiel;0;19/02/2019
1776;55,46457987;-21,14976232;3584,314874;1060,232362;NA;NA;NA
1783;55,46484444;-21,25756591;3733,355212;395,0684308;NA;NA;NA
1789;55,46426369;-21,25892385;1240,786112;384,5284915;NA;NA;NA
1790;55,46569436;-21,14685525;1200,006209;1040,262506;NA;NA;NA
1809;55,4423317;-21,25559664;2963,453195;354,724011;NA;NA;NA
1841;55,60918706;-21,33106345;7714,163731;645,1468576;NA;NA;NA
1845;55,55143608;-21,29539218;2097,471891;779,2108709;NA;NA;NA
1912;55,49167527;-21,27075703;13005,96775;417,4457063;NA;NA;NA
1914;55,49467028;-21,27827959;4821,006485;404,7441853;NA;NA;NA
1946;55,30261298;-21,05407777;14178,73669;750,9293672;Officiel;0;19/02/2019
1947;55,30196138;-21,05493358;768,513128;746,7592756;NA;NA;NA
1948;55,54237921;-21,28292318;7002,064918;735,5332529;Officiel;1;19/03/2019
1951;55,59443464;-21,35552367;1147,826439;348,4363466;NA;NA;NA
1952;55,59454665;-21,35611531;1323,012784;339,5505733;NA;NA;NA
1957;55,34914268;-21,21242517;34090,00158;832,9378543;Officiel;0;17/09/2019
1959;55,54298325;-21,02362217;3293,621981;442,4267966;Officiel;0;20/08/2019
1966;55,50765315;-21,05509882;833,1829684;873,267985;NA;NA;NA
1967;55,52670892;-21,05070691;1377,911344;694,1142748;Mixte;0;26/06/2018
1969;55,54235158;-21,0305773;1655,220912;548,0631453;Officiel;0;27/03/2018
1970;55,54227379;-21,02963725;3255,899396;536,7506632;Officiel;0;27/03/2018
1971;55,54265737;-21,02979796;1747,918831;548,0657453;Officiel;0;27/03/2018
1972;55,54275466;-21,02933589;602,8476604;535,9565805;Officiel;0;27/03/2018
1977;55,5184549;-21,23091953;1709,113634;994,1248136;Officiel;0;28/08/2018
1979;55,5137537;-21,23230625;1571,263882;926,5163097;NA;NA;NA
1980;55,51327173;-21,23295835;2904,718054;914,8764905;NA;NA;NA
1981;55,51500606;-21,23595564;1360,920749;915,4415985;NA;NA;NA
1982;55,51422215;-21,23688512;2129,356435;896,0917384;NA;NA;NA
1983;55,51518112;-21,23665426;2700,720776;913,1536637;NA;NA;NA
1990;55,52706182;-21,24994792;1307,049508;852,2446097;NA;NA;NA
1991;55,5194542;-21,25077881;7040,529322;803,4757227;Officiel;0;18/09/2018
1992;55,51885938;-21,25140131;5889,721856;793,7008266;NA;NA;NA
1994;55,51789016;-21,25038263;340,7093189;804,3438416;NA;NA;NA
1997;55,50921794;-21,24012599;2283,631392;825,0484943;Officiel;0;28/08/2018
1998;55,50433463;-21,24069126;3157,1559;762,2036698;NA;NA;NA
2003;55,56209245;-21,27526478;1249,474947;1054,413872;Officiel;0;18/09/2018
2012;55,50654709;-21,05336713;3046,361837;814,5827727;Officiel;0;29/05/2018
2013;55,50687562;-21,0538154;1170,876929;834,0635819;Mixte;0;29/05/2018
2014;55,50730776;-21,05468129;750,2539685;869,7873733;Officiel;0;29/05/2018
2016;55,54684627;-21,21169674;3719,21519;1336,096752;Officiel;0;28/08/2018
2017;55,5479236;-21,21110788;3728,959825;1344,87648;Mixte;0;28/08/2018
2018;55,54862273;-21,21163546;3017,273936;1344,772362;Officiel;0;28/08/2018
2020;55,54744123;-21,21190176;1142,602114;1337,229729;Mixte;0;28/08/2018
2022;55,54492328;-21,25395639;858,68097;920,1006809;NA;NA;NA
2024;55,51362151;-21,02872348;2179,789771;817,063348;Officiel;0;30/04/2018
2025;55,5084339;-21,03048046;2398,165518;868,1287528;Officiel;0;20/08/2019
2029;55,51429835;-21,23099308;1551,807564;956,7155586;Officiel;0;21/05/2019
2030;55,59873198;-21,33575303;3382,55965;684,6124725;Officiel;0;19/03/2019
2032;55,59551336;-21,35196812;4513,952877;425,0491692;NA;NA;NA
2033;55,59898173;-21,33636486;1218,011655;669,4805997;Officiel;0;19/03/2019
2035;55,80167544;-21,15201425;4757,317544;202,5911428;Officiel;0;19/03/2019
2036;55,558786;-21,28161001;4476,511285;967,3421172;Officiel;0;21/05/2019
2037;55,55909185;-21,28255158;4952,596636;977,1283394;Officiel;0;28/08/2018
2038;55,71956398;-21,36064329;1992,037794;120,9291821;NA;NA;NA
2047;55,52428913;-21,22204255;857,3012731;1093,975567;Officiel;0;19/02/2019
2049;55,52184868;-21,22213317;965,1322889;1072,513136;Officiel;0;18/09/2018
2050;55,52388985;-21,22665014;1272,350537;1096,824185;Officiel;0;18/09/2018
2051;55,31709957;-21,0246621;11506,49999;662,4668007;Mixte;0;31/07/2018
2052;55,4983702;-21,05368521;4223,445023;742,3372212;Officiel;0;03/09/2019
2053;55,4424938;-21,23443159;2985,938655;689,6883668;Officiel;0;06/08/2019
2054;55,47441074;-21,23347597;5753,449809;478,0774062;Mixte;1;01/01/2017
2055;55,52030415;-21,23629104;436,9990182;950,8215061;NA;NA;NA
2056;55,32161227;-21,23635209;6252,230415;180,4728291;Officiel;0;31/07/2018
2057;55,60984281;-21,3401816;4747,17024;560,8568118;NA;NA;NA
2058;55,35018249;-21,00827084;2592,464863;931,6732959;NA;NA;NA
2061;55,53217096;-21,04295682;212,2185676;650,6651747;Officiel;0;29/05/2018
2063;55,53365737;-21,05194037;2055,183099;732,7142376;Mixte;0;21/05/2019
2064;55,53505424;-21,05156805;987,5324446;743,3675267;Officiel;0;21/05/2019
2067;55,54087041;-21,29101385;3976,983121;660,326951;Mixte;1;22/01/2019
2068;55,5277567;-21,2313766;253,0030074;1054,460804;NA;NA;NA
2070;55,55972129;-21,27970493;2670,087051;996,8745006;Officiel;0;28/08/2018
2071;55,55977186;-21,28030745;9496,394434;988,7975309;Officiel;0;28/08/2018
2072;55,27772372;-21,09546133;14267,82337;509,6454324;NA;NA;NA
2073;55,52060834;-21,03644694;1809,264985;738,9182169;Officiel;0;21/05/2019
2074;55,52129612;-21,0360735;1476,900028;726,2754143;Officiel;0;21/05/2019
2075;55,52039498;-21,03729823;556,2498447;750,7790621;Officiel;0;21/05/2019
2078;55,56845629;-21,30707559;3673,09164;901,6707085;NA;NA;NA
2079;55,5672656;-21,30747866;9078,960271;874,7207528;NA;NA;NA
2080;55,70367342;-21,34601956;9722,846511;489,5264762;Officiel;0;19/03/2019
2081;55,53976926;-21,22637675;1800,01756;1185,702455;NA;NA;NA
2082;55,43131381;-21,25007972;10323,82445;347,916939;NA;NA;NA
2086;55,68649233;-21,06280884;2751,900933;177,3104486;NA;NA;NA
2087;55,68744252;-21,06071826;9798,589194;151,0692397;NA;NA;NA
2088;55,68602235;-21,06260828;8241,639206;196,1157278;Mixte;1;01/01/2017
2089;55,68546517;-21,06211957;4547,806571;183,5021169;NA;NA;NA
2093;55,54599987;-21,30184568;1359,60135;705,2250894;Officiel;0;19/02/2019
2095;55,31644586;-21,07257933;4396,140827;947,878311;Officiel;0;21/05/2019
2096;55,50150531;-21,24524601;1741,264036;699,1329884;Mixte;1;18/09/2018
2098;55,58925401;-20,9753391;3604,823579;582,6881639;Officiel;0;26/06/2018
2101;55,37679524;-21,22854945;2223,598548;706,170983;Officiel;0;25/06/2019
2102;55,70206336;-21,34493343;9000,256392;510,7783967;Mixte;1;19/03/2019
2104;55,29347536;-21,04359749;4079,926081;562,3933674;Officiel;0;31/07/2018
2105;55,60832063;-21,32870372;9548,592101;650,3088704;Officiel;1;19/03/2019
2106;55,53250792;-21,238561;1613,044997;992,6434043;Officiel;0;18/09/2018
2112;55,47968251;-21,26539969;986,5722852;370,8024146;Officiel;1;22/01/2019
2114;55,53830781;-21,23541741;1954,176347;1093,533802;Officiel;0;19/09/2018
2115;55,53895121;-21,2349259;2564,005245;1105,898687;Officiel;0;19/09/2018
2116;55,53867569;-21,23414508;2299,046165;1107,532564;NA;NA;NA
2123;55,32634022;-21,16701217;3079,813761;790,4249372;NA;NA;NA
2124;55,52109055;-21,02955317;7064,064573;683,9231128;Officiel;0;30/04/2018
2125;55,52054784;-21,02966922;3757,046832;702,1767741;Officiel;0;30/04/2018
2126;55,52029497;-21,03057665;2385,595369;745,5013631;Officiel;0;27/03/2018
2127;55,52000887;-21,03085202;1280,574318;748,0711256;Officiel;0;27/03/2018
2128;55,5202658;-21,03122302;1091,426185;745,2010447;Officiel;0;27/03/2018
2129;55,52055149;-21,03116167;1178,135612;750,1943946;Officiel;0;27/03/2018
2130;55,52061002;-21,03171623;1221,496562;761,2692949;Officiel;0;27/03/2018
2131;55,5188973;-21,02978091;2095,662361;704,0762501;NA;NA;NA
2133;55,58523813;-20,97767887;4047,698;657,6969398;NA;NA;NA
2136;55,58561704;-20,97908571;1036,176269;676,9953505;Officiel;0;16/04/2019
2138;55,58630102;-20,978716;8413,726416;659,6826527;Officiel;0;16/04/2019
2142;55,70781634;-21,11279152;4342,227864;406,5188024;Mixte;1;01/01/2016
2151;55,42162558;-21,31519715;11140,11322;24,02208079;Officiel;1;01/01/2016
2155;55,45723958;-21,32096961;6610,114738;55,52046573;Mixte;1;01/01/2017
2156;55,45762105;-21,32486509;14051,93859;49,1804303;Mixte;1;01/01/2016
2157;55,59413521;-21,34166945;3310,325474;574,8808751;NA;NA;NA
2168;55,55467716;-21,28448503;7449,245487;892,7053045;Officiel;0;18/09/2018
2170;55,45764448;-21,3208973;4705,8082;54,9877511;NA;NA;NA
2173;55,42419974;-21,31435636;3727,969208;29,71381577;NA;NA;NA
2175;55,33643859;-20,99472653;602,695508;480,2204386;NA;NA;NA
2177;55,34240541;-21,00090829;735,9362259;674,4768982;Officiel;0;19/02/2019
2178;55,34190767;-21,00100257;2157,648041;667,142857;NA;NA;NA
2180;55,47000621;-21,24316157;18034,12071;397,3515898;Officiel;0;06/08/2019
2181;55,47055516;-21,24229367;1220,000698;407,3634747;NA;NA;NA
2182;55,57655617;-21,31064402;7112,363151;962,5855485;Officiel;0;16/07/2019
2183;55,506987;-21,0521002;367,3143852;791,8549466;NA;NA;NA
2184;55,50710798;-21,05266739;4183,521464;804,4628272;NA;NA;NA
2185;55,53942124;-21,21257661;1275,642881;1269,470287;NA;NA;NA
2186;55,53932242;-21,21235277;537,5627201;1268,801626;NA;NA;NA
2187;55,53973556;-21,2123044;1580,282073;1269,979006;NA;NA;NA
2188;55,51688403;-21,23155149;4069,816206;971,1397512;Officiel;0;18/09/2018
2189;55,51728191;-21,23144348;1410,505366;973,7612437;Officiel;0;18/09/2018
2190;55,51724417;-21,23088148;2991,293244;980,6421867;Officiel;0;18/09/2018
2191;55,51792307;-21,23048108;4837,136452;989,3249789;Officiel;0;18/09/2018
2192;55,53737457;-21,21468266;3840,66828;1275,772243;NA;NA;NA
2193;55,5380546;-21,21454821;1814,760647;1272,166238;NA;NA;NA
2194;55,53839801;-21,21446631;907,5232135;1272,318565;NA;NA;NA
2197;55,70491587;-21,11182295;14582,12309;421,9056952;Officiel;0;03/09/2019
2200;55,55630215;-21,28179387;14034,36753;935,8141703;Officiel;0;28/08/2018
2203;55,55310047;-21,29417191;9706,595279;802,3042658;NA;NA;NA
2205;55,70336262;-21,11424777;30037,97201;446,7865265;Officiel;0;03/09/2019
2212;55,48712882;-21,30401289;23756,31119;231,6397337;NA;NA;NA
2213;55,4881629;-21,30201268;23677,03173;242,5966919;NA;NA;NA
2215;55,519444;-21,22922352;2145,505235;1017,390224;NA;NA;NA
2216;55,51854491;-21,22653933;282,1416959;1037,589233;NA;NA;NA
2217;55,52670911;-21,21703207;987,5629136;1158,278581;NA;NA;NA
2218;55,52741843;-21,21698483;1886,537346;1167,758194;NA;NA;NA
2219;55,53005407;-21,21528811;203,4246579;1206,542209;NA;NA;NA
2220;55,52979025;-21,21551925;809,5156871;1203,438972;NA;NA;NA
2221;55,53034201;-21,21602765;339,6286166;1204,493141;NA;NA;NA
2222;55,53867554;-21,21440956;1443,756406;1274,724294;NA;NA;NA
2223;55,53980913;-21,21406313;738,1831946;1279,500606;NA;NA;NA
2224;55,53696971;-21,21287757;1609,838075;1260,586013;NA;NA;NA
2225;55,5373732;-21,21309297;2507,23067;1262,707893;NA;NA;NA
2226;55,53792014;-21,21294496;473,1016534;1264,165219;NA;NA;NA
2227;55,53495;-21,2126572;5478,615371;1249,657164;NA;NA;NA
2228;55,52994194;-21,21311208;1515,178274;1210,162466;NA;NA;NA
2229;55,53253738;-21,21350985;6889,5798;1229,698494;NA;NA;NA
2230;55,53186283;-21,21407864;4613,856881;1221,18806;NA;NA;NA
2231;55,54004;-21,24023287;3355,746595;1053,775734;NA;NA;NA
2232;55,52127773;-21,22751578;592,8105132;1060,585435;NA;NA;NA
2233;55,52160421;-21,22717958;500,6355204;1068,687564;NA;NA;NA
2234;55,52166723;-21,22727067;1280,422838;1066,290959;NA;NA;NA
2236;55,53490097;-21,21789458;325,063373;1236,412313;NA;NA;NA
2237;55,54041024;-21,22235838;1383,403657;1227,575911;NA;NA;NA
2238;55,540882;-21,22208838;2726,824221;1227,26817;NA;NA;NA
2239;55,5456431;-21,22196574;1246,86953;1272,41515;NA;NA;NA
2246;55,54720634;-21,21235273;1786,600851;1333,881552;NA;NA;NA
2247;55,54283258;-21,21227288;85,03290593;1304,290558;NA;NA;NA
2248;55,54717276;-21,20624401;5026,491108;1359,7914;NA;NA;NA
2249;55,55544901;-21,21495711;36,80721449;1382,223145;NA;NA;NA
2251;55,55062858;-21,27965197;491,5779398;885,1262152;NA;NA;NA
2253;55,55886852;-21,28100314;1668,143387;974,5437865;NA;NA;NA
2255;55,55869991;-21,28360066;1183,19035;974,8205973;NA;NA;NA
2256;55,55303833;-21,28234267;1237,650778;879,4076616;Officiel;0;22/01/2019
2257;55,54050271;-21,28278025;1979,50134;720,4494685;Officiel;1;20/07/2020
2258;55,53561583;-21,2874423;574,3903905;637,3889868;NA;NA;NA
2259;55,55474904;-21,28855393;7414,771032;858,684617;Officiel;0;22/01/2019
2260;55,55495422;-21,28938869;7051,839381;848,3467495;Officiel;0;22/01/2019
2261;55,54225797;-21,29213297;1197,142654;681,0033976;NA;NA;NA
2262;55,54516615;-21,2965449;873,9213467;699,2239926;NA;NA;NA
2263;55,55083161;-21,29521195;830,0084771;769,4159354;NA;NA;NA
2264;55,55162477;-21,29503034;302,657246;776,0616499;NA;NA;NA
2280;55,33808048;-21,01341594;2373,5048;800,9480322;NA;NA;NA
2281;55,33756422;-21,01366806;3392,491115;805,3758615;NA;NA;NA
2282;55,33822666;-21,01407396;8234,871345;812,8785366;NA;NA;NA
2290;55,32119564;-21,02823916;751,3894674;768,5582371;NA;NA;NA
2340;55,27943688;-21,04014193;5431,198029;416,3554574;NA;NA;NA
2341;55,27984142;-21,03973259;1317,437334;421,2138548;NA;NA;NA
2342;55,28036289;-21,04107679;3069,475566;429,6960025;NA;NA;NA
2345;55,30277726;-21,04481589;1019,889561;697,852043;NA;NA;NA
2353;55,30725425;-21,0512671;1920,495239;774,846871;NA;NA;NA
2372;55,30019662;-21,05693245;4105,992502;731,7044878;NA;NA;NA
2375;55,25423868;-21,06024018;8434,000483;293,0042222;NA;NA;NA
2376;55,2542772;-21,06002027;10554,35559;291,3141417;Officiel;0;31/07/2018
2377;55,25411458;-21,06173562;5556,451421;295,8860556;Mixte;0;31/07/2018
2395;55,30703812;-21,07011228;498,1236327;844,0562163;NA;NA;NA
2401;55,25753243;-21,08457541;9414,2978;301,2260676;Officiel;0;21/05/2019
2403;55,28811448;-21,08733101;912,3070415;649,4998404;NA;NA;NA
2436;55,54657074;-21,29689753;815,8773791;716,2906982;NA;NA;NA
2437;55,54733372;-21,28187848;654,4520338;818,9478086;NA;NA;NA
2438;55,55612265;-21,27144006;703,3592843;1006,595081;NA;NA;NA
2439;55,54939367;-21,27255968;514,0398533;892,5199668;NA;NA;NA
2440;55,27781197;-21,13522637;325,1448733;120,5702342;NA;NA;NA
2441;55,31720764;-21,07132198;1119,850045;949,8703652;NA;NA;NA
2442;55,31587659;-21,07364016;6869,734518;956,5591782;NA;NA;NA
2443;55,31994092;-21,07190699;5335,553877;1005,250973;NA;NA;NA
2444;55,32156664;-21,07074383;1577,880276;1032,727127;NA;NA;NA
2445;55,32177713;-21,07101769;850,9196692;1037,938543;NA;NA;NA
2446;55,29444359;-21,06460184;1463,44514;697,4056503;NA;NA;NA
2448;55,30119353;-21,06992329;996,0323638;761,8307079;NA;NA;NA
2449;55,28091406;-21,09453767;1321,711151;562,7164596;NA;NA;NA
2450;55,25858917;-21,06623769;878,6147789;326,4930295;NA;NA;NA
2451;55,27487;-21,05389413;221,529512;432,5416534;NA;NA;NA
2456;55,31459269;-21,03020146;454,6145706;701,0772448;NA;NA;NA
2458;55,32323726;-21,02844833;106,8040261;810,2581909;NA;NA;NA
2459;55,33872699;-21,02163781;541,3047142;928,700264;NA;NA;NA
2461;55,32265382;-21,0363999;4685,224308;891,4481739;NA;NA;NA
2463;55,50701489;-21,05451741;1824,845491;861,8210673;Mixte;0;29/05/2018
2464;55,50768842;-21,05377807;2342,900133;848,8468042;Officiel;0;29/05/2018
2465;55,50668393;-21,05404042;3847,372611;847,3664529;Officiel;0;29/05/2018
2466;55,50896129;-21,0700765;384,3716888;1015,41398;Agrumile;0;29/05/2018
2467;55,53344762;-21,05073533;417,9419028;701,4345344;Officiel;0;29/05/2018
2468;55,53373393;-21,05095104;1201,557878;709,1061772;Officiel;0;29/05/2018
2469;55,53415543;-21,05118793;600,726259;728,1042964;Officiel;0;21/05/2019
2470;55,53351293;-21,05145934;2404,899746;716,6243043;Mixte;0;21/05/2019
2471;55,53454832;-21,05239463;788,1909734;738,0774249;Officiel;0;21/05/2019
2472;55,53487435;-21,05117224;481,1520302;737,0093051;Officiel;0;21/05/2019
2474;55,53528557;-21,05104916;1444,296839;741,7369316;Officiel;0;21/05/2019
2475;55,5423196;-21,02898972;3473,12091;531,9756177;Mixte;1;27/03/2018
2477;55,29154561;-21,03647307;5523,320457;520,8031347;NA;NA;NA
2478;55,29989949;-21,05592345;6775,831505;730,1309095;NA;NA;NA
2479;55,50585697;-21,0532776;1805,260609;811,1335642;Officiel;0;29/05/2018
2480;55,5063794;-21,05306969;1085,664782;799,1886424;Officiel;0;29/05/2018
2481;55,534482;-21,05083132;3819,046698;724,0483197;Officiel;0;21/05/2019
2483;55,22909738;-21,03270099;3055,099563;26,27975564;NA;NA;NA
2515;55,23456877;-21,02390586;17375,87707;29,74522797;Officiel;0;31/07/2018
2517;55,48045808;-21,26410449;1122,870362;377,6650639;Officiel;0;22/01/2019
2518;55,41690175;-21,20868589;270,6559041;1020,823531;NA;NA;NA
2519;55,41036723;-21,20560084;540,7817289;957,9406689;NA;NA;NA
2520;55,41070038;-21,20505644;99,9758092;972,2686768;NA;NA;NA
2521;55,41101427;-21,20479954;2333,766489;979,2749546;NA;NA;NA
2522;55,40103642;-21,20622856;2793,92675;887,4974386;NA;NA;NA
2523;55,40072351;-21,2069239;1649,030236;895,424362;NA;NA;NA
2524;55,39953435;-21,20929799;1509,622602;893,1120108;NA;NA;NA
2525;55,39943668;-21,20881185;670,9218551;895,4902322;NA;NA;NA
2526;55,4140201;-21,20804282;2710,340601;992,955612;NA;NA;NA
2527;55,41905131;-21,2113279;3052,662448;1027,594171;NA;NA;NA
2528;55,60654934;-21,3219328;707,1733768;667,6978051;Mixte;0;16/04/2019
2529;55,69223516;-21,36497508;238,7604326;301,8009976;Officiel;0;16/04/2019
2530;55,64980298;-21,32054998;1635,001711;915,7459785;Mixte;0;16/04/2019
2531;55,53230049;-21,19853619;1931,421161;1327,86303;Officiel;0;06/08/2019
2532;55,53254382;-21,19699983;1282,879149;1338,503184;Officiel;0;06/08/2019
2533;55,46395094;-21,23905578;2488,87746;451,0447682;Officiel;0;06/08/2019
2534;55,54331647;-21,22486666;1768,513731;1224,195058;Officiel;0;18/09/2018
2535;55,58666378;-20,97742782;1096,503008;637,8729965;Officiel;0;26/06/2018
2536;55,27869079;-21,06706824;862,9059828;521,2864348;Mixte;1;19/02/2019
2537;55,58057154;-21,33615358;398,9102337;661,7340375;Mixte;1;21/05/2019
2538;55,34540389;-21,01466006;1115,676403;922,2213075;Officiel;0;21/05/2019
2539;55,53390064;-21,24511514;1061,576573;933,0575819;Officiel;0;19/03/2019
2540;55,24955973;-21,06373408;24110,90039;261,5134783;Officiel;0;31/07/2018
2541;55,72465639;-21,12543599;661,8563703;419,9957166;Mixte;1;16/04/2019
2542;55,59482825;-20,93395034;6774,095243;233,9962044;Mixte;1;16/04/2019
2543;55,59506709;-20,9328713;5131,278572;221,6189273;Mixte;1;16/04/2019
2544;55,58641224;-21,34158441;1156,544216;583,9976563;Officiel;0;21/05/2019
2545;55,48509013;-21,2192192;5297,526331;754,1884397;Officiel;1;25/06/2019
2546;55,53918294;-21,26072447;1870,374548;811,8443179;Officiel;0;18/09/2018
2547;55,52159848;-21,03099349;8351,141824;689,518275;Officiel;0;30/04/2018
2548;55,54146515;-21,02828368;1520,59651;497,8527053;Officiel;0;27/03/2018
2549;55,52461302;-21,22140377;340,2707861;1100,254543;Officiel;0;19/02/2019
2550;55,69883671;-21,10747597;753,3155837;418,0139751;Officiel;1;19/02/2019
2551;55,69848509;-21,10786503;952,5430575;421,5355021;Officiel;1;19/02/2019
2552;55,69827608;-21,10764637;590,2373441;430,0450616;Officiel;0;19/02/2019
2553;55,70172381;-21,10811047;1062,243967;399,7048943;Officiel;0;19/02/2019
2554;55,57293125;-21,32170086;630,6248833;809,79241;NA;NA;NA
2555;55,27751757;-21,08226905;6574,579838;551,1756557;Officiel;0;06/08/2019
2556;55,47033762;-21,22551148;1610,164325;484,0021151;Officiel;0;06/08/2019
2557;55,67063886;-21,0982303;1523,988458;476,4247656;Officiel;0;03/09/2019
2558;55,69076253;-21,10817138;833,8280599;520,8409627;Officiel;1;03/09/2019
2559;55,69131358;-21,10814628;922,2521033;510,6358769;Officiel;0;03/09/2019
2560;55,68992047;-21,10786259;1551,53679;518,7638753;Officiel;1;03/09/2019
2561;55,71035763;-21,1167156;2373,221809;430,4991302;Officiel;1;03/09/2019
2562;55,52900654;-21,23114589;2169,704543;1064,638837;Officiel;0;22/01/2019
2564;55,48049093;-21,26446773;1492,004164;376,5297195;Officiel;0;22/01/2019
2565;55,4800158;-21,26457408;1532,594339;376,6221579;Officiel;0;22/01/2019
2566;55,54033955;-21,36139613;360,8823428;65,84455827;NA;NA;NA
2567;55,54049683;-21,36145417;536,4034909;66,86027839;NA;NA;NA
2569;55,54612248;-21,34947467;479,6847079;281,8346832;NA;NA;NA
2572;55,30329823;-21,23120996;3992,794669;42,61665883;NA;NA;NA
2576;55,3008673;-21,2290121;3098,685989;52,36030986;NA;NA;NA
2577;55,30145091;-21,22861944;2189,273958;58,22065536;NA;NA;NA
2582;55,3220305;-21,16195585;558,1808214;743,7538306;NA;NA;NA
2583;55,57139857;-21,36964105;1327,047375;148,7017988;NA;NA;NA
2584;55,57134502;-21,36994617;2114,449953;148,8258704;NA;NA;NA
2585;55,5673397;-21,36878127;497,2810958;173,4028258;NA;NA;NA
2587;55,4497913;-21,26082812;1082,371603;333,6764128;NA;NA;NA
2588;55,25001025;-21,06212439;10169,28273;256,1308657;Mixte;0;31/07/2018
2589;55,42685386;-21,25740199;829,0391565;272,6727931;NA;NA;NA
2592;55,57506693;-21,35742563;4854,497456;277,074379;NA;NA;NA
2594;55,57430749;-21,35455008;2206,039431;311,8867318;Officiel;1;01/01/2016
2595;55,57462584;-21,35458739;952,6168623;322,2761002;NA;NA;NA
2596;55,55890798;-21,34978313;692,9610596;342,2161111;NA;NA;NA
2597;55,56071982;-21,34946538;1160,498183;362,2022164;Officiel;0;19/03/2019
2598;55,55878503;-21,3497205;708,5095808;342,4288537;Mixte;1;19/03/2019
2599;55,55819765;-21,34974152;291,6684371;331,7014084;NA;NA;NA
2603;55,58256786;-21,35080929;3225,877966;399,0867443;NA;NA;NA
2605;55,58304096;-21,35028751;4703,538609;413,6670437;Mixte;1;01/01/2016
2606;55,58278945;-21,34994084;1823,237387;409,9016461;NA;NA;NA
2608;55,58213013;-21,33553985;1676,796004;670,7462408;NA;NA;NA
2609;55,58184915;-21,33487435;1270,311838;684,9350553;NA;NA;NA
2612;55,55629342;-21,32804085;749,1555494;636,9040823;Mixte;1;01/01/2016
2613;55,55613268;-21,32840336;2278,911876;632,8562579;Officiel;1;25/06/2019
2617;55,59860336;-21,33517841;2230,959303;698,4552778;NA;NA;NA
2618;55,41509432;-21,30890199;2901,600935;16,28515619;Officiel;0;16/04/2019
2619;55,2284352;-21,03386213;5654,312722;50,65767454;NA;NA;NA
2639;55,70152608;-21,05810027;1341,643283;90,70102825;NA;NA;NA
2643;55,65793127;-21,09515612;2986,090576;505,6693882;NA;NA;NA
2644;55,65816778;-21,09519126;658,5110799;505,2506327;NA;NA;NA
2645;55,65890721;-21,09627766;2117,715476;505,0570656;NA;NA;NA
2650;55,60715098;-21,31014155;637,4766109;817,0940733;NA;NA;NA
2651;55,60825119;-21,31289434;5910,155482;767,0163722;NA;NA;NA
2652;55,6069939;-21,31296891;2170,208645;761,7843183;NA;NA;NA
2654;55,60694971;-21,31469968;4473,162978;731,834545;NA;NA;NA
2655;55,60529579;-21,31425727;4913,461375;736,1496962;NA;NA;NA
2661;55,60745536;-21,31688014;7382,499214;708,3342405;NA;NA;NA
2662;55,60691906;-21,31799625;3036,512207;693,2411288;NA;NA;NA
2664;55,60744995;-21,32145059;485,7895621;669,4237183;NA;NA;NA
2665;55,60890585;-21,32150788;3057,017995;675,582755;NA;NA;NA
2666;55,60840483;-21,32215148;2985,279634;667,6829424;NA;NA;NA
2667;55,60836699;-21,32263772;3499,652183;668,7720991;NA;NA;NA
2671;55,60751792;-21,32447836;625,3984756;657,7558148;NA;NA;NA
2680;55,61418792;-21,32355531;3273,563865;765,5658543;NA;NA;NA
2682;55,61470747;-21,32159194;3672,999265;791,2923685;NA;NA;NA
2684;55,61180878;-21,31995811;1508,86949;789,6999224;NA;NA;NA
2685;55,61145925;-21,31964466;356,721715;789,4449642;NA;NA;NA
2688;55,61689345;-21,32279369;1767,607601;781,9955025;NA;NA;NA
2689;55,61738003;-21,3232537;2481,832013;773,0865053;NA;NA;NA
2690;55,61673771;-21,32425041;4067,928299;761,4270532;NA;NA;NA
2697;55,61041265;-21,33772671;2417,246626;600,9709914;NA;NA;NA
2698;55,61048211;-21,33606265;1529,143055;631,0398647;NA;NA;NA
2699;55,61016477;-21,33536103;2285,063642;634,3579309;NA;NA;NA
2700;55,60910953;-21,33514455;2425,027971;629,0729364;NA;NA;NA
2701;55,61001571;-21,34087676;2200,737072;540,177448;NA;NA;NA
2702;55,61032345;-21,34128923;670,1177073;533,3797936;NA;NA;NA
2703;55,61028321;-21,33054236;4276,405684;657,1418497;NA;NA;NA
2704;55,60676583;-21,31381165;1319,563914;740,740259;NA;NA;NA
2711;55,60347668;-21,33022625;1546,505105;646,807325;NA;NA;NA
2712;55,56631451;-21,30784435;4078,018492;852,549918;NA;NA;NA
2713;55,55098755;-21,31530192;1138,427108;695,7356682;NA;NA;NA
2714;55,53573081;-21,31873379;177,0485083;511,9651337;NA;NA;NA
2716;55,57408708;-21,30305807;1877,940586;1018,521411;NA;NA;NA
2717;55,58692294;-21,29836443;1535,169247;1237,127436;NA;NA;NA
2718;55,57286754;-21,32065244;506,7586444;827,2617139;NA;NA;NA
2719;55,57232591;-21,32204581;2081,149539;800,3150174;Officiel;0;21/05/2019
2720;55,57248643;-21,32306407;335,3351605;786,1021822;NA;NA;NA
2721;55,57226054;-21,323387;511,3446677;777,9709075;NA;NA;NA
2727;55,70209015;-21,08746477;216,1041391;263,8485274;NA;NA;NA
2728;55,70139878;-21,08699231;1095,973318;263,5750384;NA;NA;NA
2729;55,6946182;-21,11077748;760,2316369;483,9652134;NA;NA;NA
2730;55,69554521;-21,10937613;1249,843197;472,2288208;NA;NA;NA
2731;55,6998058;-21,10535363;7060,23507;390,5096934;NA;NA;NA
2732;55,70986977;-21,09088084;830,9584758;242,6369162;NA;NA;NA
2733;55,72306932;-21,1121121;1906,986488;266,5570351;NA;NA;NA
2734;55,71151414;-21,11420428;1279,062435;372,6851621;NA;NA;NA
2735;55,7112708;-21,11393203;223,9209324;376,0287836;NA;NA;NA
2736;55,7509927;-21,10168892;687,9902687;81,50164918;NA;NA;NA
2738;55,72517779;-21,12535623;1772,797105;414,4307804;Officiel;0;16/04/2019
2739;55,6857505;-21,06179314;3851,402856;172,8187773;NA;NA;NA
2742;55,56664228;-21,27056889;62611,99311;1144,28056;NA;NA;NA
2743;55,53331595;-21,0504324;550,2032392;699,2452923;Mixte;0;29/05/2018
2745;55,53346972;-21,02101137;3016,165331;593,4578909;NA;NA;NA
2747;55,50416675;-21,0617117;1780,896365;844,1984974;NA;NA;NA
2748;55,4699303;-21,02705359;1322,24799;1169,188352;NA;NA;NA
2749;55,60790026;-21,00117115;15128,80999;208,5617176;NA;NA;NA
2750;55,53391891;-21,02090075;3306,603777;593,6082519;NA;NA;NA
2754;55,53463519;-21,02262207;4178,54829;594,601021;NA;NA;NA
2755;55,48802989;-21,03229183;1438,279752;836,8324815;NA;NA;NA
2757;55,63423301;-20,97969611;12062,13569;135,3297085;NA;NA;NA
2758;55,53880563;-21,02128362;8556,934137;598,5051984;NA;NA;NA
2760;55,53856084;-21,0224429;2634,80073;591,6266628;NA;NA;NA
2761;55,49548892;-21,03023368;4874,356755;731,5669666;NA;NA;NA
2763;55,52925935;-21,05251645;743,9338646;714,4832115;NA;NA;NA
2764;55,487568;-21,03414901;11215,05192;845,0906818;NA;NA;NA
2766;55,49838455;-21,0309285;1713,450088;799,5866493;NA;NA;NA
2767;55,49026735;-21,03324774;1853,638266;753,5023981;NA;NA;NA
2768;55,50462064;-21,0624596;693,368556;859,904099;NA;NA;NA
2769;55,50827489;-21,06662888;1398,468346;970,8774522;NA;NA;NA
2773;55,46481014;-21,02703565;9991,31543;1158,994593;Officiel;0;16/04/2019
2774;55,48966126;-21,02990686;6749,497044;727,0056572;Officiel;0;26/06/2018
2775;55,50765852;-21,06556727;4048,233017;924,1383601;NA;NA;NA
2776;55,46375787;-21,03089977;17875,21156;1254,846631;Officiel;0;20/08/2019
2777;55,52011035;-21,03007797;1135,51559;726,8230146;NA;NA;NA
2778;55,50722655;-21,05943209;537,3107421;901,64735;NA;NA;NA
2779;55,46509705;-21,02747843;3417,466317;1150,687615;Officiel;0;16/04/2019
2780;55,47728711;-21,02858203;511,2500972;1098,299516;Officiel;0;30/04/2018
2781;55,47667036;-21,02941621;229,0143965;1104,158773;Officiel;0;20/08/2019
2783;55,64113017;-20,98288498;2985,344074;141,7894528;NA;NA;NA
2784;55,6417806;-20,98386418;28173,21216;151,2263422;NA;NA;NA
2792;55,61536694;-20,98956115;3531,131429;182,495618;NA;NA;NA
2796;55,53152089;-21,04515109;2244,195753;672,6610562;NA;NA;NA
2797;55,53239096;-21,0471984;1050,253948;697,776275;Officiel;0;26/06/2018
2803;55,51812565;-21,0489602;2341,330155;711,9964031;NA;NA;NA
2804;55,51797728;-21,04935381;509,3100071;711,7680722;NA;NA;NA
2805;55,51840428;-21,04913667;1818,691176;709,1530105;NA;NA;NA
2806;55,5183254;-21,0496628;1541,616634;719,0653876;NA;NA;NA
2807;55,51895953;-21,04970499;3249,891444;717,5376162;NA;NA;NA
2808;55,5189331;-21,04995599;487,6642603;726,6527012;NA;NA;NA
2809;55,51911426;-21,04901348;2813,560451;703,6950673;NA;NA;NA
2810;55,5194912;-21,0491128;1693,971644;705,0081818;NA;NA;NA
2811;55,51956828;-21,04933756;667,1787613;709,1087183;NA;NA;NA
2812;55,51932355;-21,04861603;1898,501559;701,2799787;NA;NA;NA
2813;55,51525789;-21,0559511;2598,459188;745,3651167;NA;NA;NA
2814;55,51537755;-21,05646603;2018,237927;753,1444744;NA;NA;NA
2819;55,50908303;-21,07063297;682,3626665;1026,806178;Officiel;0;25/06/2019
2826;55,47779803;-21,03005843;2522,25951;1093,671188;NA;NA;NA
2827;55,4789325;-21,0300462;478,2712013;1088,011136;NA;NA;NA
2829;55,48008285;-21,03556045;1133,201035;1099,92761;NA;NA;NA
2830;55,478528;-21,034791;767,6329254;1100,168562;NA;NA;NA
2833;55,51709087;-21,03448085;6211,776023;813,8676605;NA;NA;NA
2838;55,52087548;-21,03745589;2710,223889;745,8481502;Officiel;0;30/04/2018
2846;55,53634941;-21,0212768;2123,704204;584,425236;NA;NA;NA
2852;55,60757549;-21,00016337;7496,647645;207,8813271;NA;NA;NA
2853;55,6115815;-20,99819614;1693,608547;193,1408578;NA;NA;NA
2854;55,56845583;-21,00626922;1431,699852;328,7269622;NA;NA;NA
2855;55,5445095;-21,0197485;1465,890534;485,2725859;NA;NA;NA
2856;55,54314103;-21,02076933;315,8821541;503,614842;NA;NA;NA
2857;55,53435485;-21,02158427;203,3929303;588,5039334;NA;NA;NA
2858;55,53367999;-21,0219305;135,9901806;587,6264823;NA;NA;NA
2859;55,51665136;-21,03064924;1053,724656;778,5796994;NA;NA;NA
2860;55,51658873;-21,0332267;3263,062431;803,0015163;NA;NA;NA
2861;55,5074075;-21,02918466;5069,448526;883,9219138;NA;NA;NA
2863;55,4753864;-21,03258733;7243,383001;1154,289843;NA;NA;NA
2864;55,47675548;-21,03301001;369,3700266;1127,78083;NA;NA;NA
2865;55,47462214;-21,03114722;1352,10716;1139,290452;NA;NA;NA
2866;55,47569063;-21,02955223;493,874745;1102,532126;NA;NA;NA
2867;55,4674394;-21,03476376;509,9917389;1264,403942;NA;NA;NA
2868;55,46462866;-21,03804609;3753,655531;1290,211537;NA;NA;NA
2869;55,47430882;-21,0251662;719,814731;1075,913696;NA;NA;NA
2870;55,4749663;-21,02603935;473,1430809;1078,105548;NA;NA;NA
2871;55,47155186;-21,02408036;1026,166746;1059,240647;NA;NA;NA
2872;55,47253606;-21,02457825;1249,273637;1073,637795;NA;NA;NA
2873;55,51637589;-21,05594871;3882,823341;758,7508692;NA;NA;NA
2874;55,50967521;-21,06495599;1792,963305;945,439305;NA;NA;NA
2875;55,50880079;-21,06719911;916,3989694;976,6567586;NA;NA;NA
2876;55,50965025;-21,06066853;3788,11383;910,3066665;NA;NA;NA
2877;55,50772618;-21,06019612;1236,799675;909,5193908;NA;NA;NA
2878;55,50659137;-21,06171117;1975,782931;880,4229889;NA;NA;NA
2881;55,55951448;-21,34922342;2691,911533;354,4856956;Officiel;1;19/03/2019
2910;55,54440817;-21,22185161;506,0480142;1259,396918;NA;NA;NA
2911;55,54562911;-21,21206385;3588,783832;1323,778073;NA;NA;NA
2917;55,52179346;-21,03614895;1544,760795;727,0876761;NA;NA;NA
2918;55,53277279;-21,19868147;2103,001956;1332,599474;NA;NA;NA
2919;55,53214463;-21,19889205;1856,804914;1327,116248;Officiel;0;18/09/2018
2920;55,45775075;-21,32216601;5260,620921;53,52365239;NA;NA;NA
2921;55,45748693;-21,32214324;1831,665372;54,0461218;NA;NA;NA
2922;55,45717331;-21,32255729;8799,062595;53,41457975;NA;NA;NA
2923;55,45785949;-21,3233818;4056,885261;51,88167736;NA;NA;NA
2924;55,66944974;-21,04670854;4177,402767;254,9635485;NA;NA;NA
2925;55,42442346;-21,20763925;23959,58509;1057,305785;Officiel;0;06/08/2019
2926;55,44054464;-21,24280213;3015,417473;531,3283801;Officiel;0;17/09/2019
2927;55,40069008;-21,2072403;1656,809108;894,2817906;NA;NA;NA
2928;55,39970074;-21,20606544;2152,469141;903,9698871;NA;NA;NA
2929;55,3996819;-21,20676195;3145,219383;901,9424193;NA;NA;NA
2930;55,39977906;-21,20719765;4009,167758;898,8307289;NA;NA;NA
2931;55,47775005;-21,02875919;2038,890903;1091,656771;Officiel;0;20/08/2019
2932;55,50889343;-21,2406677;4414,788634;814,7236178;Officiel;0;28/08/2018
2933;55,55472474;-21,29646437;1140,491427;819,3265493;NA;NA;NA
2934;55,44535474;-21,29615046;506,2674654;100,4269994;NA;NA;NA
2935;55,23482811;-21,05845589;6452,672672;78,69073176;Officiel;0;31/07/2018
2936;55,25401579;-21,06125618;2773,851685;297,1180542;Officiel;0;31/07/2018
2937;55,54271806;-21,02402264;525,0652934;442,7037935;Mixte;0;26/06/2018
2938;55,54310297;-21,02381887;1462,153831;438,7910738;Officiel;0;20/08/2019
2939;55,41075909;-21,21029767;343,3572936;943,0999102;NA;NA;NA
2940;55,6149005;-21,02434642;1367,14835;672,1360494;Officiel;0;19/02/2019
2941;55,51363142;-21,02895153;2354,112178;813,8377499;Officiel;0;20/08/2019
2942;55,59257203;-21,33578157;2244,170738;696,146731;Officiel;0;19/03/2019
2943;55,50979075;-21,24196935;4061,356062;807,4333678;Officiel;0;28/08/2018
2944;55,31259278;-21,21629;517,348874;275,3442508;Officiel;0;31/07/2018
2945;55,25869655;-21,08357049;6073,965003;321,9989564;NA;NA;NA
2946;55,40077628;-21,22185237;3108,279417;773,251401;NA;NA;NA
2947;55,53683479;-21,26423697;777,1024464;764,8152714;NA;NA;NA
2948;55,53672215;-21,26481109;170,5747614;765,2723127;Officiel;1;19/03/2019
2949;55,54819739;-21,33350052;6207,617937;472,8114897;Officiel;0;28/08/2018
2950;55,52070173;-21,31316176;2116,107855;421,6957647;NA;NA;NA
2952;55,35477778;-21,25666426;3372,627023;49,8440018;NA;NA;NA
2953;55,35257583;-21,25165343;1962,176976;110,3024621;NA;NA;NA
2954;55,6581249;-21,35414242;975,617838;339,2329788;NA;NA;NA
2955;55,52498286;-21,22157277;394,6997789;1103,937557;NA;NA;NA
2956;55,51324798;-21,23023146;2182,540422;951,6154741;NA;NA;NA
2957;55,51307355;-21,23352564;3876,546785;908,6003076;NA;NA;NA
2958;55,55636898;-21,34220416;153,6468638;433,0059753;NA;NA;NA
3154;55,60780989;-20,99826747;11647,2049;205,0049613;NA;NA;NA
3155;55,53212121;-21,04312325;230,9186355;654,6696099;NA;NA;NA
3156;55,53396181;-21,05055231;1628,884235;708,4220851;NA;NA;NA
3161;55,46990508;-21,22915328;1877,093136;460,3118547;NA;NA;NA
3168;55,47525162;-21,16811121;1146,17538;856,8484074;NA;NA;NA
3169;55,47470722;-21,16827413;768,9400054;836,0329208;NA;NA;NA
3176;55,46429093;-21,14469838;5580,551107;1083,527809;NA;NA;NA
3177;55,47340326;-21,14427645;3633,517198;1132,481572;NA;NA;NA
3179;55,51251352;-21,06522146;1305,438266;926,9441581;NA;NA;NA
3303;55,47223939;-21,1671333;812,9010405;859,1743216;NA;NA;NA
3304;55,47250777;-21,16734028;300,2502367;853,8079093;NA;NA;NA
3305;55,47910116;-21,17943193;373,0635744;946,4913115;NA;NA;NA
3306;55,47947666;-21,18169131;47,9282642;933,4216003;NA;NA;NA
3307;55,47954513;-21,182299;699,4775336;936,4194423;NA;NA;NA
3308;55,47728404;-21,16892454;282,1153635;877,0500066;NA;NA;NA
3309;55,46502438;-21,14844871;817,5522609;1047,752957;NA;NA;NA
3310;55,46519802;-21,14820339;263,8944272;1045,944702;NA;NA;NA
3311;55,46495393;-21,14827829;223,530895;1042,673167;NA;NA;NA
3312;55,46529924;-21,14806227;157,4787657;1046,607561;NA;NA;NA
3313;55,46523708;-21,14760845;56,07526326;1042,498617;NA;NA;NA
3314;55,46492287;-21,14813997;28,48490079;1039,175354;NA;NA;NA
3315;55,46477496;-21,14829752;68,33351058;1040,801188;NA;NA;NA
3316;55,47306902;-21,14363799;1070,529093;1144,191747;NA;NA;NA
3317;55,46938705;-21,14242526;174,3374746;1173,774563;NA;NA;NA
