id;latitude;longitude;HLB;date
HLB18_0001;-21,327;55,495;1;19/04/2018
HLB18_0002;-21,327;55,495;1;19/04/2018
HLB18_0003;-21,298;55,503;1;01/01/2018
HLB18_0004;-21,298;55,503;1;01/01/2018
HLB18_0005;-21,298;55,503;1;01/01/2018
HLB18_0006;-21,298;55,503;1;01/01/2018
HLB18_0007;-21,298;55,503;1;01/01/2018
HLB18_0008;-21,298;55,503;1;01/01/2018
HLB18_0009;-21,324;55,488;0;10/07/2018
HLB18_0010;-21,324;55,488;1;10/07/2018
HLB18_0011;-21,324;55,488;1;10/07/2018
HLB18_0012;-21,324;55,488;1;10/07/2018
HLB18_0013;-21,324;55,488;1;10/07/2018
HLB18_0014;-21,324;55,488;1;10/07/2018
HLB18_0015;-21,324;55,488;0;10/07/2018
HLB18_0016;-21,324;55,488;0;10/07/2018
HLB18_0017;-21,324;55,488;0;10/07/2018
HLB18_0018;-21,324;55,488;0;10/07/2018
HLB18_0019;-21,324;55,488;0;10/07/2018
HLB18_0020;-21,324;55,488;0;10/07/2018
HLB18_0021;-21,324;55,488;0;10/07/2018
HLB18_0022;-21,324;55,488;0;10/07/2018
HLB18_0023;-21,324;55,488;0;10/07/2018
HLB18_0024;-21,324;55,488;0;10/07/2018
HLB18_0025;-21,324;55,488;0;10/07/2018
HLB18_0026;-21,324;55,488;0;10/07/2018
HLB18_0027;-21,324;55,488;0;10/07/2018
HLB18_0028;-21,324;55,488;0;10/07/2018
HLB18_0029;-21,324;55,488;0;10/07/2018
HLB18_0030;-21,324;55,488;0;10/07/2018
HLB18_0031;-21,324;55,488;0;10/07/2018
HLB18_0032;-21,324;55,488;0;10/07/2018
HLB18_0033;-21,324;55,488;1;10/07/2018
HLB18_0034;-21,324;55,488;1;10/07/2018
HLB18_0035;-21,324;55,488;0;10/07/2018
HLB18_0036;-21,324;55,488;1;10/07/2018
HLB18_0037;-21,324;55,488;0;10/07/2018
HLB18_0038;-21,324;55,488;0;10/07/2018
HLB18_0039;-21,324;55,488;0;10/07/2018
HLB18_0040;-21,324;55,488;0;10/07/2018
HLB18_0041;-21,324;55,488;1;10/07/2018
HLB18_0042;-21,324;55,488;1;10/07/2018
HLB18_0043;-21,324;55,488;0;10/07/2018
HLB18_0044;-21,324;55,488;1;10/07/2018
HLB18_0045;-21,324;55,488;0;10/07/2018
HLB18_0046;-21,324;55,488;0;10/07/2018
HLB18_0047;-21,324;55,488;0;10/07/2018
HLB18_0048;-21,324;55,488;0;10/07/2018
HLB18_0049;-21,324;55,488;0;10/07/2018
HLB18_0050;-21,324;55,488;0;10/07/2018
HLB18_0051;-21,324;55,488;0;10/07/2018
HLB18_0052;-21,324;55,488;0;10/07/2018
HLB18_0053;-21,324;55,488;1;10/07/2018
HLB18_0054;-21,324;55,488;1;10/07/2018
HLB18_0055;-21,324;55,488;1;10/07/2018
HLB18_0056;-21,324;55,488;1;10/07/2018
HLB18_0057;-21,324;55,488;1;10/07/2018
HLB18_0058;-21,324;55,488;1;10/07/2018
HLB18_0059;-21,324;55,488;1;10/07/2018
HLB18_0060;-21,324;55,488;0;10/07/2018
HLB18_0061;-21,324;55,488;0;10/07/2018
HLB18_0062;-21,324;55,488;0;10/07/2018
HLB18_0063;-21,266;55,483;1;12/04/2018
HLB18_0064;-21,266;55,483;1;12/04/2018
HLB18_0065;-21,266;55,483;1;12/04/2018
HLB18_0066;-21,266;55,483;1;12/04/2018
HLB18_0067;-21,266;55,483;1;12/04/2018
HLB18_0068;-21,235;55,519;1;18/04/2018
HLB18_0069;-21,235;55,519;1;18/04/2018
HLB18_0070;-21,235;55,519;0;18/04/2018
HLB18_0071;-21,235;55,519;1;18/04/2018
HLB18_0072;-21,235;55,519;1;18/04/2018
HLB18_0073;-21,229;55,52;0;18/04/2018
HLB18_0074;-21,229;55,52;0;18/04/2018
HLB18_0075;-21,229;55,52;0;18/04/2018
HLB18_0076;-21,229;55,52;1;18/04/2018
HLB18_0077;-21,229;55,52;0;18/04/2018
HLB18_0078;-21,238;55,522;1;13/04/2018
HLB18_0079;-21,238;55,522;0;13/04/2018
HLB18_0080;-21,238;55,522;0;13/04/2018
HLB18_0081;-21,238;55,522;0;13/04/2018
HLB18_0082;-21,238;55,522;1;13/04/2018
HLB18_0083;-21,23;55,518;1;13/04/2018
HLB18_0084;-21,23;55,518;1;18/04/2018
HLB18_0085;-21,23;55,518;1;18/04/2018
HLB18_0086;-21,23;55,518;1;18/04/2018
HLB18_0087;-21,23;55,518;1;18/04/2018
HLB18_0088;-21,242;55,544;0;26/04/2018
HLB18_0089;-21,242;55,544;0;26/04/2018
HLB18_0090;-21,242;55,544;1;26/04/2018
HLB18_0091;-21,242;55,544;0;26/04/2018
HLB18_0092;-21,242;55,544;1;26/04/2018
HLB18_0093;-21,267;55,483;1;12/04/2018
HLB18_0094;-21,267;55,483;1;12/04/2018
HLB18_0095;-21,267;55,483;0;12/04/2018
HLB18_0096;-21,267;55,483;0;12/04/2018
HLB18_0097;-21,267;55,483;0;12/04/2018
HLB18_0098;-21,238;55,508;1;12/04/2018
HLB18_0099;-21,238;55,508;0;12/04/2018
HLB18_0100;-21,238;55,508;1;12/04/2018
HLB18_0101;-21,238;55,508;1;12/04/2018
HLB18_0102;-21,238;55,508;1;12/04/2018
HLB18_0103;-21,25;55,519;0;13/04/2018
HLB18_0104;-21,25;55,519;1;13/04/2018
HLB18_0105;-21,25;55,519;0;13/04/2018
HLB18_0106;-21,25;55,519;0;13/04/2018
HLB18_0107;-21,25;55,519;0;13/04/2018
HLB18_0108;-21,239;55,522;1;13/04/2018
HLB18_0109;-21,239;55,522;0;13/04/2018
HLB18_0110;-21,239;55,522;0;13/04/2018
HLB18_0111;-21,239;55,522;0;13/04/2018
HLB18_0112;-21,239;55,522;0;13/04/2018
HLB18_0113;-21,238;55,522;0;13/04/2018
HLB18_0114;-21,238;55,522;1;13/04/2018
HLB18_0115;-21,238;55,522;0;13/04/2018
HLB18_0116;-21,238;55,522;0;13/04/2018
HLB18_0117;-21,238;55,522;0;13/04/2018
HLB18_0118;-21,254;55,518;0;13/04/2018
HLB18_0119;-21,254;55,518;0;13/04/2018
HLB18_0120;-21,254;55,518;0;13/04/2018
HLB18_0121;-21,254;55,518;0;13/04/2018
HLB18_0122;-21,254;55,518;0;13/04/2018
HLB18_0123;-21,222;55,545;1;26/04/2018
HLB18_0124;-21,222;55,545;0;26/04/2018
HLB18_0125;-21,222;55,545;0;26/04/2018
HLB18_0126;-21,222;55,545;0;26/04/2018
HLB18_0127;-21,222;55,545;1;26/04/2018
HLB18_0128;-21,283;55,542;1;15/05/2018
HLB18_0129;-21,283;55,542;1;15/05/2018
HLB18_0130;-21,283;55,542;1;15/05/2018
HLB18_0131;-21,283;55,542;1;15/05/2018
HLB18_0132;-21,283;55,542;1;15/05/2018
HLB18_0133;-21,307;55,424;1;01/06/2018
HLB18_0134;-21,307;55,424;1;01/06/2018
HLB18_0135;-21,307;55,424;0;01/06/2018
HLB18_0136;-21,307;55,424;0;01/06/2018
HLB18_0137;-21,307;55,424;1;01/06/2018
HLB18_0138;-21,307;55,424;1;01/06/2018
HLB18_0139;-21,307;55,424;1;01/06/2018
HLB18_0140;-21,307;55,424;1;01/06/2018
HLB18_0141;-21,307;55,424;1;01/06/2018
HLB18_0142;-21,307;55,424;1;01/06/2018
HLB18_0143;-21,307;55,424;1;01/06/2018
HLB18_0144;-21,307;55,424;1;01/06/2018
HLB18_0145;-21,307;55,424;1;01/06/2018
HLB18_0146;-21,307;55,424;1;01/06/2018
HLB18_0147;-21,307;55,424;1;01/06/2018
HLB18_0148;-21,307;55,424;1;01/06/2018
HLB18_0149;-21,307;55,424;1;01/06/2018
HLB18_0150;-21,307;55,424;1;01/06/2018
HLB18_0151;-21,307;55,424;1;01/06/2018
HLB18_0152;-21,307;55,424;1;01/06/2018
HLB18_0159;-21,245;55,502;1;08/11/2018
HLB18_0160;-21,245;55,502;1;08/11/2018
HLB18_0161;-21,245;55,502;1;08/11/2018
HLB18_0162;-21,245;55,502;1;08/11/2018
HLB18_0163;-21,245;55,502;1;08/11/2018
HLB18_0164;-21,245;55,502;1;08/11/2018
HLB18_0165;-21,245;55,502;1;08/11/2018
HLB18_0166;-21,245;55,502;0;08/11/2018
HLB18_0167;-21,245;55,502;1;08/11/2018
HLB18_0168;-21,245;55,502;1;08/11/2018
HLB18_0169;-21,23;55,518;0;08/11/2018
HLB18_0170;-21,23;55,518;0;08/11/2018
HLB18_0171;-21,23;55,518;0;08/11/2018
HLB18_0172;-21,23;55,518;0;08/11/2018
HLB18_0173;-21,23;55,518;0;08/11/2018
HLB18_0174;-21,245;55,502;1;08/11/2018
HLB18_0175;-21,245;55,502;1;08/11/2018
HLB18_0176;-21,245;55,502;1;08/11/2018
HLB18_0177;-21,245;55,502;1;08/11/2018
HLB18_0178;-21,245;55,502;1;08/11/2018
HLB18_0179;-21,245;55,502;0;08/11/2018
HLB18_0180;-21,245;55,502;1;08/11/2018
HLB18_0181;-21,245;55,502;1;08/11/2018
HLB18_0182;-21,245;55,502;0;08/11/2018
HLB18_0183;-21,245;55,502;1;08/11/2018
HLB18_0184;-21,23;55,518;1;08/11/2018
HLB18_0185;-21,23;55,518;0;08/11/2018
HLB18_0186;-21,23;55,518;0;08/11/2018
HLB18_0187;-21,23;55,518;1;08/11/2018
HLB18_0188;-21,23;55,518;0;08/11/2018
HLB18_0189;-21,235;55,519;0;08/11/2018
HLB18_0190;-21,235;55,519;0;08/11/2018
HLB18_0191;-21,235;55,519;0;08/11/2018
HLB18_0192;-21,235;55,519;0;08/11/2018
HLB18_0193;-21,235;55,519;1;08/11/2018
HLB18_0194;-21,235;55,519;0;08/11/2018
HLB18_0195;-21,235;55,519;0;08/11/2018
HLB18_0196;-21,235;55,519;0;08/11/2018
HLB18_0197;-21,235;55,519;0;08/11/2018
HLB18_0198;-21,235;55,519;0;08/11/2018
HLB18_0199;-21,23;55,518;0;08/11/2018
HLB18_0200;-21,23;55,518;1;08/11/2018
HLB18_0201;-21,275;55,561;0;18/09/2018
HLB18_0202;-21,275;55,561;1;18/09/2018
HLB18_0203;-21,275;55,561;0;18/09/2018
HLB18_0204;-21,275;55,561;0;18/09/2018
HLB18_0205;-21,275;55,561;0;18/09/2018
HLB18_0206;-21,275;55,561;0;18/09/2018
HLB18_0207;-21,275;55,561;0;18/09/2018
HLB18_0208;-21,275;55,561;0;18/09/2018
HLB18_0209;-21,275;55,561;0;18/09/2018
HLB18_0210;-21,275;55,561;0;18/09/2018
HLB18_0211;-21,275;55,561;0;18/09/2018
HLB18_0212;-21,275;55,561;0;18/09/2018
HLB18_0213;-21,275;55,561;0;18/09/2018
HLB18_0214;-21,275;55,561;0;18/09/2018
HLB18_0215;-21,275;55,561;0;18/09/2018
HLB18_0216;-21,275;55,561;0;18/09/2018
HLB18_0217;-21,275;55,561;0;18/09/2018
HLB18_0218;-21,275;55,561;0;18/09/2018
HLB18_0219;-21,275;55,561;1;18/09/2018
HLB18_0220;-21,275;55,561;0;18/09/2018
HLB18_0221;-21,275;55,561;0;18/09/2018
HLB18_0222;-21,275;55,561;0;18/09/2018
HLB18_0223;-21,275;55,561;1;18/09/2018
HLB18_0224;-21,275;55,561;0;18/09/2018
HLB18_0225;-21,275;55,561;0;18/09/2018
HLB18_0226;-21,245;55,502;1;18/09/2018
HLB18_0227;-21,245;55,502;1;18/09/2018
HLB18_0228;-21,245;55,502;1;18/09/2018
HLB18_0229;-21,245;55,502;1;18/09/2018
HLB18_0230;-21,245;55,502;1;18/09/2018
HLB18_0231;-21,245;55,502;1;18/09/2018
HLB18_0232;-21,245;55,502;1;18/09/2018
HLB18_0233;-21,245;55,502;1;18/09/2018
HLB18_0234;-21,245;55,502;1;18/09/2018
HLB18_0235;-21,245;55,502;1;18/09/2018
HLB18_0236;-21,245;55,502;1;18/09/2018
HLB18_0237;-21,245;55,502;1;18/09/2018
HLB18_0238;-21,245;55,502;1;18/09/2018
HLB18_0239;-21,245;55,502;1;18/09/2018
HLB18_0240;-21,245;55,502;1;18/09/2018
HLB18_0241;-21,245;55,502;1;18/09/2018
HLB18_0242;-21,245;55,502;1;18/09/2018
HLB18_0243;-21,245;55,502;1;18/09/2018
HLB18_0244;-21,245;55,502;1;18/09/2018
HLB18_0245;-21,245;55,502;1;18/09/2018
HLB18_0246;-21,245;55,502;1;18/09/2018
HLB18_0247;-21,245;55,502;1;18/09/2018
HLB18_0248;-21,245;55,502;1;18/09/2018
HLB18_0249;-21,245;55,502;1;18/09/2018
HLB18_0250;-21,245;55,502;1;18/09/2018
HLB18_0251;-21,25;55,518;0;13/04/2018
HLB18_0252;-21,25;55,518;0;13/04/2018
HLB18_0253;-21,25;55,518;0;13/04/2018
HLB18_0254;-21,25;55,518;0;13/04/2018
HLB18_0255;-21,25;55,518;0;13/04/2018
HLB18_0256;-21,221;55,525;0;18/04/2018
HLB18_0257;-21,221;55,525;0;18/04/2018
HLB18_0258;-21,221;55,525;0;18/04/2018
HLB18_0259;-21,221;55,525;0;18/04/2018
HLB18_0260;-21,221;55,525;0;18/04/2018
HLB18_0261;-21,024;55,543;0;26/06/2018
HLB18_0262;-21,024;55,543;0;26/06/2018
HLB18_0263;-21,024;55,543;0;26/06/2018
HLB18_0264;-21,024;55,543;0;26/06/2018
HLB18_0265;-21,024;55,543;0;26/06/2018
HLB18_0266;-21,024;55,543;0;26/06/2018
HLB18_0267;-21,024;55,543;0;26/06/2018
HLB18_0268;-21,024;55,543;0;26/06/2018
HLB18_0269;-21,024;55,543;0;26/06/2018
HLB18_0270;-21,024;55,543;0;26/06/2018
HLB18_0271;-21,024;55,543;0;26/06/2018
HLB18_0272;-21,024;55,543;0;26/06/2018
HLB18_0273;-21,024;55,543;0;26/06/2018
HLB18_0274;-21,024;55,543;0;26/06/2018
HLB18_0275;-21,024;55,543;0;26/06/2018
HLB18_0276;-21,03;55,49;0;26/06/2018
HLB18_0277;-21,03;55,49;0;26/06/2018
HLB18_0278;-21,03;55,49;0;26/06/2018
HLB18_0279;-21,03;55,49;0;26/06/2018
HLB18_0280;-21,03;55,49;0;26/06/2018
HLB18_0281;-21,03;55,489;0;26/06/2018
HLB18_0282;-21,03;55,489;0;26/06/2018
HLB18_0283;-21,03;55,489;0;26/06/2018
HLB18_0284;-21,03;55,489;0;26/06/2018
HLB18_0285;-21,03;55,489;0;26/06/2018
HLB18_0286;-21,03;55,49;0;26/06/2018
HLB18_0287;-21,03;55,49;0;26/06/2018
HLB18_0288;-21,03;55,49;0;26/06/2018
HLB18_0289;-21,03;55,49;0;26/06/2018
HLB18_0290;-21,03;55,49;0;26/06/2018
HLB18_0291;-21,051;55,526;0;26/06/2018
HLB18_0292;-21,051;55,526;0;26/06/2018
HLB18_0293;-21,051;55,526;0;26/06/2018
HLB18_0294;-21,051;55,526;0;26/06/2018
HLB18_0295;-21,051;55,526;0;26/06/2018
HLB18_0296;-21,063;55,254;0;31/07/2018
HLB18_0297;-21,063;55,254;0;31/07/2018
HLB18_0298;-21,063;55,254;0;31/07/2018
HLB18_0299;-21,063;55,254;0;31/07/2018
HLB18_0300;-21,063;55,254;0;31/07/2018
HLB18_0301;-21,051;55,527;0;26/06/2018
HLB18_0302;-21,051;55,527;0;26/06/2018
HLB18_0303;-21,051;55,527;0;26/06/2018
HLB18_0304;-21,051;55,527;0;26/06/2018
HLB18_0305;-21,051;55,527;0;26/06/2018
HLB18_0306;-21,061;55,254;0;31/07/2018
HLB18_0307;-21,061;55,254;0;31/07/2018
HLB18_0308;-21,061;55,254;0;31/07/2018
HLB18_0309;-21,061;55,254;0;31/07/2018
HLB18_0310;-21,061;55,254;0;31/07/2018
HLB18_0311;-21,062;55,254;0;31/07/2018
HLB18_0312;-21,062;55,254;0;31/07/2018
HLB18_0313;-21,062;55,254;0;31/07/2018
HLB18_0314;-21,062;55,254;0;31/07/2018
HLB18_0315;-21,062;55,254;0;31/07/2018
HLB18_0316;-21,062;55,251;0;31/07/2018
HLB18_0317;-21,062;55,251;0;31/07/2018
HLB18_0318;-21,062;55,251;0;31/07/2018
HLB18_0319;-21,062;55,251;0;31/07/2018
HLB18_0320;-21,062;55,251;0;31/07/2018
HLB18_0321;-21,025;55,317;0;31/07/2018
HLB18_0322;-21,025;55,317;0;31/07/2018
HLB18_0323;-21,025;55,317;0;31/07/2018
HLB18_0324;-21,025;55,317;0;31/07/2018
HLB18_0325;-21,025;55,317;1;31/07/2018
HLB18_0326;-21,222;55,545;0;20/04/2018
HLB18_0327;-21,222;55,545;0;20/04/2018
HLB18_0328;-21,222;55,545;0;20/04/2018
HLB18_0329;-21,222;55,545;1;20/04/2018
HLB18_0330;-21,222;55,545;1;20/04/2018
HLB18_0331;-21,226;55,54;0;20/04/2018
HLB18_0332;-21,226;55,54;0;20/04/2018
HLB18_0333;-21,226;55,54;0;20/04/2018
HLB18_0334;-21,226;55,54;0;20/04/2018
HLB18_0335;-21,226;55,54;0;20/04/2018
HLB18_0336;-21,227;55,521;1;20/04/2018
HLB18_0337;-21,227;55,521;1;20/04/2018
HLB18_0338;-21,227;55,521;1;20/04/2018
HLB18_0339;-21,227;55,521;0;20/04/2018
HLB18_0340;-21,227;55,521;0;20/04/2018
HLB18_0341;-21,052;55,534;0;29/05/2018
HLB18_0342;-21,052;55,534;0;29/05/2018
HLB18_0343;-21,052;55,534;0;29/05/2018
HLB18_0344;-21,052;55,534;0;29/05/2018
HLB18_0345;-21,052;55,534;0;29/05/2018
HLB18_0346;-21,054;55,507;0;29/05/2018
HLB18_0347;-21,054;55,507;0;29/05/2018
HLB18_0348;-21,054;55,507;1;29/05/2018
HLB18_0349;-21,054;55,507;0;29/05/2018
HLB18_0350;-21,054;55,507;0;29/05/2018
HLB18_0351;-21,055;55,507;1;29/05/2018
HLB18_0352;-21,055;55,507;1;29/05/2018
HLB18_0353;-21,055;55,507;0;29/05/2018
HLB18_0354;-21,055;55,507;0;29/05/2018
HLB18_0355;-21,055;55,507;0;29/05/2018
HLB18_0356;-21,07;55,509;1;29/05/2018
HLB18_0357;-21,07;55,509;0;29/05/2018
HLB18_0358;-21,07;55,509;0;29/05/2018
HLB18_0359;-21,07;55,509;0;29/05/2018
HLB18_0360;-21,07;55,509;1;29/05/2018
HLB18_0361;-21,052;55,533;0;29/05/2018
HLB18_0362;-21,052;55,533;0;29/05/2018
HLB18_0363;-21,052;55,533;0;29/05/2018
HLB18_0364;-21,052;55,533;1;29/05/2018
HLB18_0365;-21,052;55,533;0;29/05/2018
HLB18_0366;-21,055;55,507;0;29/05/2018
HLB18_0367;-21,055;55,507;0;29/05/2018
HLB18_0368;-21,055;55,507;0;29/05/2018
HLB18_0369;-21,055;55,507;0;29/05/2018
HLB18_0370;-21,055;55,507;0;29/05/2018
HLB18_0371;-21,05;55,533;0;29/05/2018
HLB18_0372;-21,05;55,533;0;29/05/2018
HLB18_0373;-21,05;55,533;0;29/05/2018
HLB18_0374;-21,05;55,533;0;29/05/2018
HLB18_0375;-21,05;55,533;0;29/05/2018
HLB18_0376;-21,054;55,507;0;29/05/2018
HLB18_0377;-21,054;55,507;0;29/05/2018
HLB18_0378;-21,054;55,507;0;29/05/2018
HLB18_0379;-21,054;55,507;0;29/05/2018
HLB18_0380;-21,054;55,507;0;29/05/2018
HLB18_0381;-21,07;55,508;0;29/05/2018
HLB18_0382;-21,07;55,508;0;29/05/2018
HLB18_0383;-21,07;55,508;0;29/05/2018
HLB18_0384;-21,07;55,508;0;29/05/2018
HLB18_0385;-21,07;55,508;0;29/05/2018
HLB18_0386;-21,212;55,547;0;28/08/2018
HLB18_0387;-21,212;55,547;0;28/08/2018
HLB18_0388;-21,212;55,547;0;28/08/2018
HLB18_0389;-21,212;55,547;0;28/08/2018
HLB18_0390;-21,212;55,547;0;28/08/2018
HLB18_0391;-21,235;55,519;0;28/08/2018
HLB18_0392;-21,235;55,519;0;28/08/2018
HLB18_0393;-21,235;55,519;0;28/08/2018
HLB18_0394;-21,235;55,519;0;28/08/2018
HLB18_0395;-21,235;55,519;0;28/08/2018
HLB18_0396;-21,211;55,548;0;28/08/2018
HLB18_0397;-21,211;55,548;0;28/08/2018
HLB18_0398;-21,211;55,548;0;28/08/2018
HLB18_0399;-21,211;55,548;0;28/08/2018
HLB18_0400;-21,211;55,548;0;28/08/2018
HLB18_0401;-21,211;55,548;0;28/08/2018
HLB18_0402;-21,211;55,548;0;28/08/2018
HLB18_0403;-21,211;55,548;0;28/08/2018
HLB18_0404;-21,211;55,548;0;28/08/2018
HLB18_0405;-21,211;55,548;0;28/08/2018
HLB18_0406;-21,211;55,548;0;28/08/2018
HLB18_0407;-21,211;55,548;0;28/08/2018
HLB18_0408;-21,211;55,548;0;28/08/2018
HLB18_0409;-21,211;55,548;0;28/08/2018
HLB18_0410;-21,211;55,548;0;28/08/2018
HLB18_0411;-21,211;55,548;0;28/08/2018
HLB18_0412;-21,211;55,548;0;28/08/2018
HLB18_0413;-21,211;55,548;0;28/08/2018
HLB18_0414;-21,211;55,548;0;28/08/2018
HLB18_0415;-21,211;55,548;0;28/08/2018
HLB18_0416;-21,211;55,548;0;28/08/2018
HLB18_0417;-21,211;55,548;0;28/08/2018
HLB18_0418;-21,211;55,548;0;28/08/2018
HLB18_0419;-21,211;55,548;0;28/08/2018
HLB18_0420;-21,211;55,548;0;28/08/2018
HLB18_0421;-21,211;55,548;0;28/08/2018
HLB18_0422;-21,211;55,548;0;28/08/2018
HLB18_0423;-21,211;55,548;0;28/08/2018
HLB18_0424;-21,211;55,548;0;28/08/2018
HLB18_0425;-21,211;55,548;0;28/08/2018
HLB18_0426;-21,249;55,519;0;18/09/2018
HLB18_0427;-21,249;55,519;0;18/09/2018
HLB18_0428;-21,249;55,519;0;18/09/2018
HLB18_0429;-21,249;55,519;0;18/09/2018
HLB18_0430;-21,249;55,519;0;18/09/2018
HLB18_0431;-21,249;55,519;0;18/09/2018
HLB18_0432;-21,249;55,519;0;18/09/2018
HLB18_0433;-21,249;55,519;0;18/09/2018
HLB18_0434;-21,249;55,519;0;18/09/2018
HLB18_0435;-21,249;55,519;0;18/09/2018
HLB18_0436;-21,249;55,519;0;18/09/2018
HLB18_0437;-21,249;55,519;0;18/09/2018
HLB18_0438;-21,249;55,519;0;18/09/2018
HLB18_0439;-21,249;55,519;0;18/09/2018
HLB18_0440;-21,249;55,519;0;18/09/2018
HLB18_0441;-21,249;55,519;0;18/09/2018
HLB18_0442;-21,249;55,519;0;18/09/2018
HLB18_0443;-21,249;55,519;0;18/09/2018
HLB18_0444;-21,249;55,519;1;18/09/2018
HLB18_0445;-21,249;55,519;0;18/09/2018
HLB18_0446;-21,249;55,519;0;18/09/2018
HLB18_0447;-21,249;55,519;0;18/09/2018
HLB18_0448;-21,249;55,519;0;18/09/2018
HLB18_0449;-21,249;55,519;0;18/09/2018
HLB18_0450;-21,249;55,519;0;18/09/2018
HLB18_0451;-21,275;55,561;0;18/09/2018
HLB18_0452;-21,275;55,561;0;18/09/2018
HLB18_0453;-21,275;55,561;0;18/09/2018
HLB18_0454;-21,275;55,561;0;18/09/2018
HLB18_0455;-21,275;55,561;0;18/09/2018
HLB18_0456;-21,275;55,561;0;18/09/2018
HLB18_0457;-21,275;55,561;0;18/09/2018
HLB18_0458;-21,275;55,561;0;18/09/2018
HLB18_0459;-21,275;55,561;0;18/09/2018
HLB18_0460;-21,275;55,561;0;18/09/2018
HLB18_0461;-21,209;55,399;0;21/12/2018
HLB18_0462;-21,209;55,399;0;21/12/2018
HLB18_0463;-21,209;55,399;0;21/12/2018
HLB18_0464;-21,209;55,399;0;21/12/2018
HLB18_0465;-21,209;55,399;0;21/12/2018
HLB18_0466;-21,209;55,399;0;21/12/2018
HLB18_0467;-21,209;55,399;0;21/12/2018
HLB18_0468;-21,209;55,399;0;21/12/2018
HLB18_0469;-21,209;55,399;0;21/12/2018
HLB18_0470;-21,209;55,399;0;21/12/2018
HLB19_0001;-21,324;55,488;0;01/02/2019
HLB19_0002;-21,324;55,488;0;01/02/2019
HLB19_0003;-21,324;55,488;0;01/02/2019
HLB19_0004;-21,324;55,488;0;01/02/2019
HLB19_0005;-21,324;55,488;0;01/02/2019
HLB19_0006;-21,324;55,488;0;01/02/2019
HLB19_0007;-21,324;55,488;0;01/02/2019
HLB19_0008;-21,324;55,488;0;01/02/2019
HLB19_0009;-21,324;55,488;0;01/02/2019
HLB19_0010;-21,324;55,488;0;01/02/2019
HLB19_0011;-21,324;55,488;1;01/02/2019
HLB19_0012;-21,324;55,488;1;01/02/2019
HLB19_0013;-21,324;55,488;1;01/02/2019
HLB19_0014;-21,324;55,488;1;01/02/2019
HLB19_0015;-21,324;55,488;1;01/02/2019
HLB19_0016;-21,324;55,488;1;01/02/2019
HLB19_0017;-21,324;55,488;1;01/02/2019
HLB19_0018;-21,324;55,488;1;01/02/2019
HLB19_0019;-21,324;55,488;1;01/02/2019
HLB19_0020;-21,324;55,488;1;01/02/2019
HLB19_0021;-21,349;55,559;1;19/03/2019
HLB19_0022;-21,349;55,559;1;19/03/2019
HLB19_0023;-21,349;55,559;1;19/03/2019
HLB19_0024;-21,349;55,559;1;19/03/2019
HLB19_0025;-21,349;55,559;1;19/03/2019
HLB19_0026;-21,349;55,559;1;19/03/2019
HLB19_0027;-21,349;55,559;1;19/03/2019
HLB19_0028;-21,349;55,559;1;19/03/2019
HLB19_0029;-21,349;55,559;1;19/03/2019
HLB19_0030;-21,349;55,559;1;19/03/2019
HLB19_0031;-21,349;55,559;0;19/03/2019
HLB19_0032;-21,349;55,559;0;19/03/2019
HLB19_0033;-21,349;55,559;0;19/03/2019
HLB19_0034;-21,349;55,559;0;19/03/2019
HLB19_0035;-21,349;55,559;0;19/03/2019
HLB19_0036;-21,349;55,559;0;19/03/2019
HLB19_0037;-21,349;55,559;0;19/03/2019
HLB19_0038;-21,349;55,559;1;19/03/2019
HLB19_0039;-21,349;55,559;1;19/03/2019
HLB19_0040;-21,349;55,559;0;19/03/2019
HLB19_0041;-21,349;55,559;0;19/03/2019
HLB19_0042;-21,349;55,559;0;19/03/2019
HLB19_0043;-21,349;55,559;0;19/03/2019
HLB19_0044;-21,349;55,559;0;19/03/2019
HLB19_0045;-21,349;55,559;0;19/03/2019
HLB19_0046;-21,349;55,559;0;19/03/2019
HLB19_0047;-21,349;55,559;0;19/03/2019
HLB19_0048;-21,349;55,559;1;19/03/2019
HLB19_0049;-21,349;55,559;1;19/03/2019
HLB19_0050;-21,349;55,559;1;19/03/2019
HLB19_0051;-21,349;55,559;0;19/03/2019
HLB19_0052;-21,349;55,559;0;19/03/2019
HLB19_0053;-21,349;55,559;1;19/03/2019
HLB19_0054;-21,349;55,559;0;19/03/2019
HLB19_0055;-21,349;55,559;0;19/03/2019
HLB19_0056;-21,349;55,559;0;19/03/2019
HLB19_0057;-21,349;55,559;0;19/03/2019
HLB19_0058;-21,349;55,559;0;19/03/2019
HLB19_0059;-21,349;55,559;1;19/03/2019
HLB19_0060;-21,349;55,559;1;19/03/2019
HLB19_0061;-21,349;55,559;0;19/03/2019
HLB19_0062;-21,349;55,559;0;19/03/2019
HLB19_0063;-21,349;55,559;1;19/03/2019
HLB19_0064;-21,349;55,559;1;19/03/2019
HLB19_0065;-21,349;55,559;0;19/03/2019
HLB19_0066;-21,349;55,559;0;19/03/2019
HLB19_0067;-21,349;55,559;0;19/03/2019
HLB19_0068;-21,349;55,559;0;19/03/2019
HLB19_0069;-21,349;55,559;0;19/03/2019
HLB19_0070;-21,349;55,559;0;19/03/2019
HLB19_0071;-21,329;55,653;0;16/04/2019
HLB19_0072;-21,329;55,653;0;16/04/2019
HLB19_0073;-21,329;55,653;0;16/04/2019
HLB19_0074;-21,329;55,653;0;16/04/2019
HLB19_0075;-21,329;55,653;0;16/04/2019
HLB19_0076;-21,329;55,653;0;16/04/2019
HLB19_0077;-21,329;55,653;0;16/04/2019
HLB19_0078;-21,329;55,653;0;16/04/2019
HLB19_0079;-21,329;55,653;0;16/04/2019
HLB19_0080;-21,329;55,653;0;16/04/2019
HLB19_0081;-21,329;55,653;0;16/04/2019
HLB19_0082;-21,329;55,653;0;16/04/2019
HLB19_0083;-21,329;55,653;0;16/04/2019
HLB19_0084;-21,329;55,653;0;16/04/2019
HLB19_0085;-21,329;55,653;0;16/04/2019
HLB19_0086;-21,329;55,653;0;16/04/2019
HLB19_0087;-21,329;55,653;0;16/04/2019
HLB19_0088;-21,329;55,653;0;16/04/2019
HLB19_0089;-21,329;55,653;0;16/04/2019
HLB19_0090;-21,329;55,653;0;16/04/2019
HLB19_0091;-21,329;55,653;0;16/04/2019
HLB19_0092;-21,329;55,653;0;16/04/2019
HLB19_0093;-21,329;55,653;0;16/04/2019
HLB19_0094;-21,329;55,653;0;16/04/2019
HLB19_0095;-21,329;55,653;0;16/04/2019
HLB19_0096;-21,329;55,653;0;16/04/2019
HLB19_0097;-21,329;55,653;0;16/04/2019
HLB19_0098;-21,329;55,653;0;16/04/2019
HLB19_0099;-21,329;55,653;0;16/04/2019
HLB19_0100;-21,329;55,653;0;16/04/2019
HLB19_0101;-21,329;55,653;0;16/04/2019
HLB19_0102;-21,329;55,653;0;16/04/2019
HLB19_0103;-21,329;55,653;0;16/04/2019
HLB19_0104;-21,329;55,653;0;16/04/2019
HLB19_0105;-21,329;55,653;0;16/04/2019
HLB19_0106;-21,329;55,653;0;16/04/2019
HLB19_0107;-21,329;55,653;0;16/04/2019
HLB19_0108;-21,329;55,653;0;16/04/2019
HLB19_0109;-21,329;55,653;0;16/04/2019
HLB19_0110;-21,329;55,653;0;16/04/2019
HLB19_0111;-21,329;55,653;0;16/04/2019
HLB19_0112;-21,329;55,653;0;16/04/2019
HLB19_0113;-21,329;55,653;0;16/04/2019
HLB19_0114;-21,329;55,653;0;16/04/2019
HLB19_0115;-21,329;55,653;0;16/04/2019
HLB19_0116;-21,329;55,653;0;16/04/2019
HLB19_0117;-21,329;55,653;0;16/04/2019
HLB19_0118;-21,329;55,653;0;16/04/2019
HLB19_0119;-21,329;55,653;0;16/04/2019
HLB19_0120;-21,329;55,653;0;16/04/2019
HLB19_0121;-21,329;55,653;0;16/04/2019
HLB19_0122;-21,329;55,653;0;16/04/2019
HLB19_0123;-21,329;55,653;0;16/04/2019
HLB19_0124;-21,329;55,653;0;16/04/2019
HLB19_0125;-21,329;55,653;0;16/04/2019
HLB19_0126;-21,329;55,653;0;16/04/2019
HLB19_0127;-21,329;55,653;0;16/04/2019
HLB19_0128;-21,329;55,653;0;16/04/2019
HLB19_0129;-21,329;55,653;0;16/04/2019
HLB19_0130;-21,329;55,653;0;16/04/2019
HLB19_0131;-21,329;55,653;0;16/04/2019
HLB19_0132;-21,329;55,653;0;16/04/2019
HLB19_0133;-21,329;55,653;0;16/04/2019
HLB19_0134;-21,329;55,653;0;16/04/2019
HLB19_0135;-21,329;55,653;0;16/04/2019
HLB19_0136;-21,32;55,65;0;16/04/2019
HLB19_0137;-21,32;55,65;0;16/04/2019
HLB19_0138;-21,32;55,65;0;16/04/2019
HLB19_0139;-21,32;55,65;0;16/04/2019
HLB19_0140;-21,32;55,65;0;16/04/2019
HLB19_0141;-21,322;55,607;0;16/04/2019
HLB19_0142;-21,322;55,607;0;16/04/2019
HLB19_0143;-21,322;55,607;0;16/04/2019
HLB19_0144;-21,322;55,607;1;16/04/2019
HLB19_0145;-21,322;55,607;1;16/04/2019
HLB19_0146;-21,266;55,479;0;10/04/2019
HLB19_0147;-21,266;55,479;0;10/04/2019
HLB19_0148;-21,266;55,479;0;10/04/2019
HLB19_0149;-21,266;55,479;0;10/04/2019
HLB19_0150;-21,266;55,479;1;10/04/2019
HLB19_0151;-21,266;55,479;1;10/04/2019
HLB19_0152;-21,266;55,479;0;10/04/2019
HLB19_0153;-21,266;55,479;0;10/04/2019
HLB19_0154;-21,266;55,479;0;10/04/2019
HLB19_0155;-21,266;55,479;1;10/04/2019
HLB19_0156;-21,266;55,479;0;10/04/2019
HLB19_0157;-21,266;55,479;1;10/04/2019
HLB19_0158;-21,266;55,479;0;10/04/2019
HLB19_0159;-21,266;55,479;0;10/04/2019
HLB19_0160;-21,266;55,479;0;10/04/2019
HLB19_0161;-21,266;55,479;0;10/04/2019
HLB19_0162;-21,266;55,479;1;10/04/2019
HLB19_0163;-21,266;55,479;1;10/04/2019
HLB19_0164;-21,266;55,479;1;10/04/2019
HLB19_0165;-21,266;55,479;1;10/04/2019
HLB19_0166;-21,266;55,479;0;10/04/2019
HLB19_0167;-21,266;55,479;1;10/04/2019
HLB19_0168;-21,266;55,479;0;10/04/2019
HLB19_0169;-21,266;55,479;0;10/04/2019
HLB19_0170;-21,266;55,479;0;10/04/2019
HLB19_0171;-21,266;55,479;1;10/04/2019
HLB19_0172;-21,266;55,479;0;10/04/2019
HLB19_0173;-21,266;55,479;1;10/04/2019
HLB19_0174;-21,266;55,479;1;10/04/2019
HLB19_0175;-21,266;55,479;1;10/04/2019
HLB19_0176;-21,266;55,479;0;10/04/2019
HLB19_0177;-21,266;55,479;0;10/04/2019
HLB19_0178;-21,266;55,479;0;10/04/2019
HLB19_0179;-21,266;55,479;0;10/04/2019
HLB19_0180;-21,266;55,479;0;10/04/2019
HLB19_0181;-21,266;55,479;0;10/04/2019
HLB19_0182;-21,266;55,479;0;10/04/2019
HLB19_0183;-21,266;55,479;0;10/04/2019
HLB19_0184;-21,266;55,479;0;10/04/2019
HLB19_0185;-21,266;55,479;1;10/04/2019
HLB19_0186;-21,266;55,479;1;10/04/2019
HLB19_0187;-21,266;55,479;1;10/04/2019
HLB19_0188;-21,266;55,479;1;10/04/2019
HLB19_0189;-21,266;55,479;1;10/04/2019
HLB19_0190;-21,266;55,479;1;10/04/2019
HLB19_0191;-21,266;55,479;1;10/04/2019
HLB19_0192;-21,266;55,479;0;10/04/2019
HLB19_0193;-21,266;55,479;0;10/04/2019
HLB19_0194;-21,266;55,479;1;10/04/2019
HLB19_0195;-21,266;55,479;1;10/04/2019
HLB19_0196;-21,266;55,479;0;10/04/2019
HLB19_0197;-21,266;55,479;1;10/04/2019
HLB19_0198;-21,266;55,479;1;10/04/2019
HLB19_0199;-21,266;55,479;1;10/04/2019
HLB19_0200;-21,266;55,479;1;10/04/2019
HLB19_0201;-21,294;55,553;0;17/04/2019
HLB19_0202;-21,294;55,553;1;17/04/2019
HLB19_0203;-21,294;55,553;1;17/04/2019
HLB19_0204;-21,294;55,553;0;17/04/2019
HLB19_0205;-21,294;55,553;1;17/04/2019
HLB19_0206;-21,294;55,553;0;17/04/2019
HLB19_0207;-21,294;55,553;0;17/04/2019
HLB19_0208;-21,294;55,553;0;17/04/2019
HLB19_0209;-21,294;55,553;0;17/04/2019
HLB19_0210;-21,294;55,553;0;17/04/2019
HLB19_0211;-21,294;55,553;0;17/04/2019
HLB19_0212;-21,294;55,553;0;17/04/2019
HLB19_0213;-21,294;55,553;0;17/04/2019
HLB19_0214;-21,294;55,553;0;17/04/2019
HLB19_0215;-21,294;55,553;0;17/04/2019
HLB19_0216;-21,294;55,553;0;17/04/2019
HLB19_0217;-21,294;55,553;0;17/04/2019
HLB19_0218;-21,294;55,553;0;17/04/2019
HLB19_0219;-21,294;55,553;0;17/04/2019
HLB19_0220;-21,294;55,553;0;17/04/2019
HLB19_0221;-21,294;55,553;0;17/04/2019
HLB19_0222;-21,294;55,553;0;17/04/2019
HLB19_0223;-21,294;55,553;0;17/04/2019
HLB19_0224;-21,294;55,553;0;17/04/2019
HLB19_0225;-21,294;55,553;0;17/04/2019
HLB19_0226;-21,349;55,559;0;12/06/2019
HLB19_0227;-21,349;55,559;0;12/06/2019
HLB19_0228;-21,349;55,559;0;12/06/2019
HLB19_0229;-21,349;55,559;0;12/06/2019
HLB19_0230;-21,349;55,559;0;12/06/2019
HLB19_0231;-21,35;55,56;1;12/06/2019
HLB19_0232;-21,35;55,56;1;12/06/2019
HLB19_0233;-21,35;55,56;1;12/06/2019
HLB19_0234;-21,35;55,56;1;12/06/2019
HLB19_0235;-21,35;55,56;1;12/06/2019
HLB19_0236;-21,35;55,56;1;12/06/2019
HLB19_0237;-21,35;55,56;1;12/06/2019
HLB19_0238;-21,35;55,56;1;12/06/2019
HLB19_0239;-21,35;55,56;0;12/06/2019
HLB19_0240;-21,35;55,56;0;12/06/2019
HLB19_0241;-21,35;55,56;1;12/06/2019
HLB19_0242;-21,35;55,56;1;12/06/2019
HLB19_0243;-21,35;55,56;1;12/06/2019
HLB19_0244;-21,35;55,56;1;12/06/2019
HLB19_0245;-21,35;55,56;1;12/06/2019
HLB19_0246;-21,35;55,56;1;12/06/2019
HLB19_0247;-21,35;55,56;1;12/06/2019
HLB19_0248;-21,35;55,56;1;12/06/2019
HLB19_0249;-21,35;55,56;1;12/06/2019
HLB19_0250;-21,349;55,56;0;12/06/2019
HLB19_0251;-21,349;55,56;0;12/06/2019
HLB19_0252;-21,349;55,56;0;12/06/2019
HLB19_0253;-21,349;55,56;0;12/06/2019
HLB19_0254;-21,349;55,56;0;12/06/2019
HLB19_0255;-21,349;55,56;1;12/06/2019
HLB19_0256;-21,349;55,56;0;12/06/2019
HLB19_0257;-21,349;55,56;1;12/06/2019
HLB19_0258;-21,349;55,56;0;12/06/2019
HLB19_0259;-21,349;55,56;0;12/06/2019
HLB19_0260;-21,349;55,56;0;12/06/2019
HLB19_0261;-21,349;55,56;0;12/06/2019
HLB19_0262;-21,349;55,56;0;12/06/2019
HLB19_0263;-21,349;55,56;0;12/06/2019
HLB19_0264;-21,349;55,56;0;12/06/2019
HLB19_0265;-21,349;55,56;0;12/06/2019
HLB19_0266;-21,349;55,56;1;12/06/2019
HLB19_0267;-21,349;55,56;1;12/06/2019
HLB19_0268;-21,349;55,56;1;12/06/2019
HLB19_0269;-21,349;55,56;1;12/06/2019
HLB19_0270;-21,349;55,56;1;12/06/2019
HLB19_0271;-21,349;55,56;0;12/06/2019
HLB19_0272;-21,349;55,56;1;12/06/2019
HLB19_0273;-21,349;55,56;1;12/06/2019
HLB19_0274;-21,349;55,56;0;12/06/2019
HLB19_0275;-21,349;55,56;0;12/06/2019
HLB19_0276;-21,349;55,56;0;12/06/2019
HLB19_0277;-21,349;55,56;0;12/06/2019
HLB19_0278;-21,349;55,56;0;12/06/2019
HLB19_0279;-21,349;55,56;0;12/06/2019
HLB19_0280;-21,349;55,56;0;12/06/2019
HLB19_0281;-21,349;55,56;0;12/06/2019
HLB19_0282;-21,349;55,56;0;12/06/2019
HLB19_0283;-21,349;55,56;0;12/06/2019
HLB19_0284;-21,349;55,56;0;12/06/2019
HLB19_0285;-21,349;55,56;0;12/06/2019
HLB19_0286;-21,349;55,559;1;12/06/2019
HLB19_0287;-21,349;55,559;1;12/06/2019
HLB19_0288;-21,349;55,559;1;12/06/2019
HLB19_0289;-21,349;55,559;1;12/06/2019
HLB19_0290;-21,349;55,559;1;12/06/2019
HLB19_0291;-21,328;55,584;1;07/05/2019
HLB19_0292;-21,328;55,584;1;07/05/2019
HLB19_0293;-21,328;55,584;1;07/05/2019
HLB19_0294;-21,328;55,584;1;07/05/2019
HLB19_0295;-21,328;55,584;1;07/05/2019
HLB19_0296;-21,328;55,584;1;07/05/2019
HLB19_0297;-21,328;55,584;0;07/05/2019
HLB19_0298;-21,328;55,584;0;07/05/2019
HLB19_0299;-21,328;55,584;1;07/05/2019
HLB19_0300;-21,328;55,584;1;07/05/2019
HLB19_0301;-21,312;55,548;0;01/07/2019
HLB19_0302;-21,312;55,548;0;01/07/2019
HLB19_0303;-21,312;55,548;0;01/07/2019
HLB19_0304;-21,312;55,548;0;01/07/2019
HLB19_0305;-21,312;55,548;0;01/07/2019
HLB19_0306;-21,031;55,478;1;19/08/2019
HLB19_0307;-21,031;55,478;0;19/08/2019
HLB19_0308;-21,031;55,478;0;19/08/2019
HLB19_0309;-21,031;55,478;0;19/08/2019
HLB19_0310;-21,031;55,478;0;19/08/2019
HLB19_0311;-21,029;55,477;1;20/08/2019
HLB19_0312;-21,029;55,477;1;20/08/2019
HLB19_0313;-21,029;55,477;1;20/08/2019
HLB19_0314;-21,029;55,477;1;20/08/2019
HLB19_0315;-21,029;55,477;1;20/08/2019
HLB19_0316;-21,029;55,478;1;20/08/2019
HLB19_0317;-21,029;55,478;0;20/08/2019
HLB19_0318;-21,029;55,478;1;20/08/2019
HLB19_0319;-21,029;55,478;1;20/08/2019
HLB19_0320;-21,029;55,478;1;20/08/2019
HLB19_0321;-21,029;55,477;0;20/08/2019
HLB19_0322;-21,029;55,477;0;20/08/2019
HLB19_0323;-21,029;55,477;0;20/08/2019
HLB19_0324;-21,029;55,477;0;20/08/2019
HLB19_0325;-21,029;55,477;1;20/08/2019
HLB19_0326;-21,043;55,532;0;20/08/2019
HLB19_0327;-21,043;55,532;0;20/08/2019
HLB19_0328;-21,043;55,532;0;20/08/2019
HLB19_0329;-21,043;55,532;0;20/08/2019
HLB19_0330;-21,043;55,532;0;20/08/2019
HLB19_0331;-21,243;55,44;0;17/09/2019
HLB19_0332;-21,243;55,44;0;17/09/2019
HLB19_0333;-21,243;55,44;0;17/09/2019
HLB19_0334;-21,243;55,44;0;17/09/2019
HLB19_0335;-21,243;55,44;0;17/09/2019
HLB19_0336;-21,243;55,44;0;17/09/2019
HLB19_0337;-21,243;55,44;0;17/09/2019
HLB19_0338;-21,243;55,44;0;17/09/2019
HLB19_0339;-21,243;55,44;0;17/09/2019
HLB19_0340;-21,243;55,44;0;17/09/2019
HLB19_0341;-21,243;55,44;0;17/09/2019
HLB19_0342;-21,243;55,44;0;17/09/2019
HLB19_0343;-21,243;55,44;0;17/09/2019
HLB19_0344;-21,243;55,44;0;17/09/2019
HLB19_0345;-21,243;55,44;0;17/09/2019
HLB19_0346;-21,243;55,44;0;17/09/2019
HLB19_0347;-21,243;55,44;0;17/09/2019
HLB19_0348;-21,243;55,44;0;17/09/2019
HLB19_0349;-21,243;55,44;0;17/09/2019
HLB19_0350;-21,243;55,44;0;17/09/2019
HLB19_0351;-21,243;55,44;0;17/09/2019
HLB19_0352;-21,243;55,44;0;17/09/2019
HLB19_0353;-21,243;55,44;0;17/09/2019
HLB19_0354;-21,243;55,44;0;17/09/2019
HLB19_0355;-21,243;55,44;0;17/09/2019
HLB19_0356;-21,213;55,349;0;17/09/2019
HLB19_0357;-21,213;55,349;0;17/09/2019
HLB19_0358;-21,213;55,349;0;17/09/2019
HLB19_0359;-21,213;55,349;0;17/09/2019
HLB19_0360;-21,213;55,349;0;17/09/2019
HLB19_0361;-21,213;55,349;0;17/09/2019
HLB19_0362;-21,213;55,349;0;17/09/2019
HLB19_0363;-21,213;55,349;0;17/09/2019
HLB19_0364;-21,213;55,349;0;17/09/2019
HLB19_0365;-21,213;55,349;0;17/09/2019
HLB19_0366;-21,213;55,349;0;17/09/2019
HLB19_0367;-21,213;55,349;0;17/09/2019
HLB19_0368;-21,213;55,349;0;17/09/2019
HLB19_0369;-21,213;55,349;0;17/09/2019
HLB19_0370;-21,213;55,349;0;17/09/2019
HLB19_0371;-21,213;55,349;0;17/09/2019
HLB19_0372;-21,213;55,349;0;17/09/2019
HLB19_0373;-21,213;55,349;0;17/09/2019
HLB19_0374;-21,213;55,349;0;17/09/2019
HLB19_0375;-21,213;55,349;0;17/09/2019
HLB19_0376;-21,213;55,349;0;17/09/2019
HLB19_0377;-21,213;55,349;0;17/09/2019
HLB19_0378;-21,213;55,349;0;17/09/2019
HLB19_0379;-21,213;55,349;0;17/09/2019
HLB19_0380;-21,213;55,349;0;17/09/2019
HLB19_0381;-21,213;55,349;0;17/09/2019
HLB19_0382;-21,213;55,349;0;17/09/2019
HLB19_0383;-21,213;55,349;0;17/09/2019
HLB19_0384;-21,213;55,349;0;17/09/2019
HLB19_0385;-21,213;55,349;0;17/09/2019
HLB19_0386;-21,213;55,349;0;17/09/2019
HLB19_0387;-21,213;55,349;0;17/09/2019
HLB19_0388;-21,213;55,349;0;17/09/2019
HLB19_0389;-21,213;55,349;0;17/09/2019
HLB19_0390;-21,213;55,349;0;17/09/2019
HLB19_0391;-21,213;55,349;0;17/09/2019
HLB19_0392;-21,213;55,349;0;17/09/2019
HLB19_0393;-21,213;55,349;0;17/09/2019
HLB19_0394;-21,213;55,349;0;17/09/2019
HLB19_0395;-21,213;55,349;0;17/09/2019
HLB19_0399;-21,354;55,544;0;11/10/2019
HLB19_0400;-21,354;55,544;0;11/10/2019
HLB19_0401;-21,348;55,554;1;11/10/2019
HLB19_0402;-21,348;55,554;1;11/10/2019
HLB19_0403;-21,348;55,554;0;11/10/2019
HLB19_0404;-21,348;55,554;0;11/10/2019
HLB19_0405;-21,348;55,554;0;11/10/2019
HLB19_0406;-21,348;55,554;0;11/10/2019
HLB19_0407;-21,348;55,554;1;11/10/2019
HLB19_0408;-21,348;55,554;1;11/10/2019
HLB19_0409;-21,348;55,554;1;11/10/2019
HLB19_0410;-21,348;55,554;1;11/10/2019
HLB19_0411;-21,358;55,545;1;11/10/2019
HLB19_0412;-21,358;55,545;1;11/10/2019
HLB19_0413;-21,358;55,545;1;11/10/2019
HLB19_0414;-21,358;55,545;1;11/10/2019
HLB19_0415;-21,358;55,545;1;11/10/2019
HLB19_0416;-21,358;55,545;1;11/10/2019
HLB19_0417;-21,358;55,545;1;11/10/2019
HLB19_0418;-21,358;55,545;1;11/10/2019
HLB19_0419;-21,358;55,545;1;11/10/2019
HLB19_0420;-21,358;55,545;1;11/10/2019
HLB19_0421;-21,349;55,547;1;11/10/2019
HLB19_0422;-21,349;55,547;1;11/10/2019
HLB19_0423;-21,349;55,547;0;11/10/2019
HLB19_0424;-21,349;55,547;1;11/10/2019
HLB19_0425;-21,349;55,547;0;11/10/2019
HLB19_0426;-21,349;55,546;1;11/10/2019
HLB19_0427;-21,349;55,546;1;11/10/2019
HLB19_0428;-21,349;55,546;0;11/10/2019
HLB19_0429;-21,349;55,546;1;11/10/2019
HLB19_0430;-21,349;55,546;0;11/10/2019
HLB19_0441;-21,167;55,326;1;18/10/2019
HLB19_0442;-21,167;55,326;1;18/10/2019
HLB19_0443;-21,167;55,326;1;18/10/2019
HLB19_0444;-21,167;55,326;0;18/10/2019
HLB19_0445;-21,167;55,326;0;18/10/2019
HLB19_0446;-21,217;55,319;1;18/10/2019
HLB19_0447;-21,217;55,319;1;18/10/2019
HLB19_0448;-21,217;55,319;0;18/10/2019
HLB19_0449;-21,217;55,319;0;18/10/2019
HLB19_0450;-21,217;55,319;1;18/10/2019
HLB19_0451;-21,179;55,326;1;18/10/2019
HLB19_0452;-21,179;55,326;1;18/10/2019
HLB19_0453;-21,179;55,326;1;18/10/2019
HLB19_0454;-21,179;55,326;1;18/10/2019
HLB19_0455;-21,179;55,326;0;18/10/2019
HLB19_0456;-21,162;55,322;0;18/10/2019
HLB19_0457;-21,162;55,322;0;18/10/2019
HLB19_0458;-21,162;55,322;0;18/10/2019
HLB19_0459;-21,162;55,322;0;18/10/2019
HLB19_0460;-21,162;55,322;1;18/10/2019
HLB19_0461;-21,163;55,321;0;18/10/2019
HLB19_0462;-21,163;55,321;1;18/10/2019
HLB19_0463;-21,163;55,321;0;18/10/2019
HLB19_0464;-21,163;55,321;1;18/10/2019
HLB19_0465;-21,163;55,321;0;18/10/2019
HLB19-0531;-21,369;55,562;1;31/10/2019
HLB19-0532;-21,369;55,562;1;31/10/2019
HLB19-0533;-21,369;55,562;1;31/10/2019
HLB19-0534;-21,369;55,562;1;31/10/2019
HLB19-0535;-21,369;55,562;1;31/10/2019
HLB19-0536;-21,369;55,571;1;31/10/2019
HLB19-0537;-21,369;55,571;1;31/10/2019
HLB19-0538;-21,369;55,571;0;31/10/2019
HLB19-0539;-21,369;55,571;0;31/10/2019
HLB19-0540;-21,369;55,571;0;31/10/2019
HLB19-0546;-21,368;55,563;1;31/10/2019
HLB19-0547;-21,368;55,563;1;31/10/2019
HLB19-0548;-21,368;55,563;0;31/10/2019
HLB19-0549;-21,368;55,563;0;31/10/2019
HLB19-0550;-21,368;55,563;0;31/10/2019
HLB19-0556;-21,335;55,582;0;08/11/2019
HLB19-0557;-21,335;55,582;0;08/11/2019
HLB19-0558;-21,335;55,582;0;08/11/2019
HLB19-0559;-21,335;55,582;0;08/11/2019
HLB19-0560;-21,335;55,582;0;08/11/2019
HLB19-0561;-21,357;55,585;1;08/11/2019
HLB19-0562;-21,357;55,585;1;08/11/2019
HLB19-0563;-21,357;55,585;1;08/11/2019
HLB19-0564;-21,357;55,585;1;08/11/2019
HLB19-0565;-21,357;55,585;1;08/11/2019
HLB19-0566;-21,357;55,581;1;08/11/2019
HLB19-0567;-21,357;55,581;1;08/11/2019
HLB19-0568;-21,357;55,581;1;08/11/2019
HLB19-0569;-21,357;55,581;1;08/11/2019
HLB19-0570;-21,357;55,581;0;08/11/2019
HLB19-0571;-21,334;55,56;0;08/11/2019
HLB19-0572;-21,334;55,56;0;08/11/2019
HLB19-0573;-21,334;55,56;1;08/11/2019
HLB19-0574;-21,334;55,56;1;08/11/2019
HLB19-0575;-21,334;55,56;1;08/11/2019
HLB19-0576;-21,339;55,588;1;08/11/2019
HLB19-0577;-21,339;55,588;1;08/11/2019
HLB19-0578;-21,339;55,588;0;08/11/2019
HLB19-0579;-21,339;55,588;0;08/11/2019
HLB19-0580;-21,339;55,588;0;08/11/2019
HLB19-0581;-21,34;55,587;1;08/11/2019
HLB19-0582;-21,34;55,587;0;08/11/2019
HLB19-0583;-21,34;55,587;1;08/11/2019
HLB19-0584;-21,34;55,587;1;08/11/2019
HLB19-0585;-21,34;55,587;0;08/11/2019
HLB19-0586;-21,353;55,582;0;08/11/2019
HLB19-0587;-21,353;55,582;0;08/11/2019
HLB19-0588;-21,353;55,582;0;08/11/2019
HLB19-0589;-21,353;55,582;0;08/11/2019
HLB19-0590;-21,353;55,582;0;08/11/2019
HLB19-0591;-21,339;55,585;0;08/11/2019
HLB19-0592;-21,339;55,585;0;08/11/2019
HLB19-0593;-21,339;55,585;0;08/11/2019
HLB19-0594;-21,339;55,585;0;08/11/2019
HLB19-0595;-21,339;55,585;0;08/11/2019
HLB19-0596;-21,34;55,586;1;08/11/2019
HLB19-0597;-21,34;55,586;1;08/11/2019
HLB19-0598;-21,34;55,586;1;08/11/2019
HLB19-0599;-21,34;55,586;1;08/11/2019
HLB19-0600;-21,34;55,586;1;08/11/2019
HLB19-0601;-21,338;55,552;0;08/11/2019
HLB19-0602;-21,338;55,552;0;08/11/2019
HLB19-0603;-21,338;55,552;1;08/11/2019
HLB19-0604;-21,338;55,552;1;08/11/2019
HLB19-0605;-21,338;55,552;1;08/11/2019
HLB19-0606;-21,34;55,586;0;08/11/2019
HLB19-0607;-21,34;55,586;1;08/11/2019
HLB19-0608;-21,34;55,586;0;08/11/2019
HLB19-0609;-21,34;55,586;0;08/11/2019
HLB19-0610;-21,34;55,586;0;01/01/2019
HLB19-0611;-21,34;55,586;0;08/11/2019
HLB19-0612;-21,34;55,586;0;08/11/2019
HLB19-0613;-21,34;55,586;0;08/11/2019
HLB19-0614;-21,34;55,586;0;08/11/2019
HLB19-0615;-21,34;55,586;0;08/11/2019
HLB19-0616;-21,359;55,587;1;08/11/2019
HLB19-0617;-21,359;55,587;0;08/11/2019
HLB19-0618;-21,359;55,587;0;08/11/2019
HLB19-0619;-21,359;55,587;0;08/11/2019
HLB19-0620;-21,359;55,587;0;08/11/2019
HLB19-0621;-21,338;55,555;0;08/11/2019
HLB19-0622;-21,338;55,555;0;08/11/2019
HLB19-0623;-21,338;55,555;1;08/11/2019
HLB19-0624;-21,338;55,555;1;08/11/2019
HLB19-0625;-21,338;55,555;1;08/11/2019
HLB19-0626;-21,25;55,431;0;21/11/2019
HLB19-0627;-21,25;55,431;0;21/11/2019
HLB19-0628;-21,25;55,431;0;21/11/2019
HLB19-0629;-21,25;55,431;0;21/11/2019
HLB19-0630;-21,25;55,431;0;21/11/2019
HLB20-001;-21,058;55,702;0;09/01/2020
HLB20-002;-21,058;55,702;0;09/01/2020
HLB20-003;-21,058;55,702;0;09/01/2020
HLB20-004;-21,058;55,702;0;09/01/2020
HLB20-005;-21,058;55,702;0;09/01/2020
HLB20-006;-21,058;55,702;0;09/01/2020
HLB20-007;-21,058;55,702;0;09/01/2020
HLB20-008;-21,058;55,702;0;09/01/2020
HLB20-009;-21,058;55,702;0;09/01/2020
HLB20-010;-21,058;55,702;0;09/01/2020
HLB20-011;-21,058;55,702;0;09/01/2020
HLB20-012;-21,058;55,702;0;09/01/2020
HLB20-013;-21,058;55,702;0;09/01/2020
HLB20-014;-21,058;55,702;0;09/01/2020
HLB20-015;-21,058;55,702;0;09/01/2020
HLB20-016;-21,096;55,66;0;09/01/2020
HLB20-017;-21,096;55,66;1;09/01/2020
HLB20-018;-21,096;55,66;1;09/01/2020
HLB20-019;-21,096;55,66;1;09/01/2020
HLB20-020;-21,096;55,66;1;09/01/2020
HLB20-021;-21,096;55,66;0;09/01/2020
HLB20-022;-21,096;55,66;0;09/01/2020
HLB20-023;-21,096;55,66;0;09/01/2020
HLB20-024;-21,096;55,66;0;09/01/2020
HLB20-025;-21,096;55,66;0;09/01/2020
HLB20-026;-21,096;55,66;0;09/01/2020
HLB20-027;-21,096;55,66;0;09/01/2020
HLB20-028;-21,096;55,66;0;09/01/2020
HLB20-029;-21,096;55,66;0;09/01/2020
HLB20-030;-21,096;55,66;0;09/01/2020
HLB20-031;-21,096;55,66;0;09/01/2020
HLB20-032;-21,096;55,66;0;09/01/2020
HLB20-033;-21,096;55,66;0;09/01/2020
HLB20-034;-21,096;55,66;0;09/01/2020
HLB20-035;-21,096;55,66;0;09/01/2020
HLB20-036;-21,096;55,66;0;09/01/2020
HLB20-037;-21,096;55,66;0;09/01/2020
HLB20-038;-21,096;55,66;0;09/01/2020
HLB20-039;-21,096;55,66;0;09/01/2020
HLB20-040;-21,096;55,66;0;09/01/2020
HLB20-041;-21,332;55,599;0;15/01/2020
HLB20-042;-21,332;55,599;1;15/01/2020
HLB20-043;-21,332;55,599;0;15/01/2020
HLB20-044;-21,332;55,599;0;15/01/2020
HLB20-045;-21,332;55,599;0;15/01/2020
HLB20-046;-21,332;55,597;0;15/01/2020
HLB20-047;-21,332;55,597;0;15/01/2020
HLB20-048;-21,332;55,597;0;15/01/2020
HLB20-049;-21,332;55,597;0;15/01/2020
HLB20-050;-21,332;55,597;0;15/01/2020
HLB20-051;-21,332;55,597;1;15/01/2020
HLB20-052;-21,332;55,597;1;15/01/2020
HLB20-053;-21,332;55,597;1;15/01/2020
HLB20-054;-21,332;55,597;0;15/01/2020
HLB20-055;-21,332;55,597;0;15/01/2020
HLB20-056;-21,334;55,598;0;15/01/2020
HLB20-057;-21,334;55,598;0;15/01/2020
HLB20-058;-21,334;55,598;0;15/01/2020
HLB20-059;-21,334;55,598;0;15/01/2020
HLB20-060;-21,334;55,598;0;15/01/2020
HLB20-061;-21,352;55,596;0;15/01/2020
HLB20-062;-21,352;55,596;1;15/01/2020
HLB20-063;-21,352;55,596;0;15/01/2020
HLB20-064;-21,352;55,596;0;15/01/2020
HLB20-065;-21,352;55,596;0;15/01/2020
HLB20-066;-21,356;55,594;1;15/01/2020
HLB20-067;-21,356;55,594;1;15/01/2020
HLB20-068;-21,356;55,594;1;15/01/2020
HLB20-069;-21,356;55,594;1;15/01/2020
HLB20-070;-21,356;55,594;1;15/01/2020
HLB20-071;-21,062;55,696;1;15/01/2020
HLB20-072;-21,062;55,696;1;15/01/2020
HLB20-073;-21,062;55,696;1;15/01/2020
HLB20-074;-21,062;55,696;1;15/01/2020
HLB20-075;-21,062;55,696;1;15/01/2020
HLB20-076;-21,362;55,599;1;15/01/2020
HLB20-077;-21,362;55,599;1;15/01/2020
HLB20-078;-21,362;55,599;1;15/01/2020
HLB20-079;-21,362;55,599;1;15/01/2020
HLB20-080;-21,362;55,599;1;15/01/2020
HLB20-081;-21,351;55,596;1;15/01/2020
HLB20-082;-21,351;55,596;0;15/01/2020
HLB20-083;-21,351;55,596;1;15/01/2020
HLB20-084;-21,351;55,596;0;15/01/2020
HLB20-085;-21,351;55,596;0;15/01/2020
HLB20-086;-21,356;55,595;0;15/01/2020
HLB20-087;-21,356;55,595;0;15/01/2020
HLB20-088;-21,356;55,595;0;15/01/2020
HLB20-089;-21,356;55,595;0;15/01/2020
HLB20-090;-21,356;55,595;0;15/01/2020
HLB20-091;-21,367;55,638;0;15/01/2020
HLB20-092;-21,367;55,638;0;15/01/2020
HLB20-093;-21,367;55,638;0;15/01/2020
HLB20-094;-21,367;55,638;0;15/01/2020
HLB20-095;-21,367;55,638;0;15/01/2020
HLB20-096;-21,367;55,638;1;15/01/2020
HLB20-097;-21,367;55,638;0;15/01/2020
HLB20-098;-21,367;55,638;0;15/01/2020
HLB20-099;-21,367;55,638;0;15/01/2020
HLB20-100;-21,367;55,638;0;15/01/2020
HLB20-101;-21,33;55,596;0;15/01/2020
HLB20-102;-21,33;55,596;0;15/01/2020
HLB20-103;-21,33;55,596;0;15/01/2020
HLB20-104;-21,33;55,596;1;15/01/2020
HLB20-105;-21,33;55,596;0;15/01/2020
HLB20-106;-21,33;55,596;1;15/01/2020
HLB20-107;-21,33;55,596;0;15/01/2020
HLB20-108;-21,33;55,596;0;15/01/2020
HLB20-109;-21,33;55,596;0;15/01/2020
HLB20-110;-21,33;55,596;0;15/01/2020
HLB20-111;-21,317;55,607;0;15/01/2020
HLB20-112;-21,317;55,607;0;15/01/2020
HLB20-113;-21,317;55,607;0;15/01/2020
HLB20-114;-21,317;55,607;0;15/01/2020
HLB20-115;-21,317;55,607;0;15/01/2020
HLB20-116;-21,325;55,608;0;15/01/2020
HLB20-117;-21,325;55,608;0;15/01/2020
HLB20-118;-21,325;55,608;0;15/01/2020
HLB20-119;-21,325;55,608;0;15/01/2020
HLB20-120;-21,325;55,608;0;15/01/2020
HLB20-121;-21,325;55,615;0;15/01/2020
HLB20-122;-21,325;55,615;0;15/01/2020
HLB20-123;-21,325;55,615;0;15/01/2020
HLB20-124;-21,325;55,615;0;15/01/2020
HLB20-125;-21,325;55,615;0;15/01/2020
HLB20-126;-21,31;55,607;0;15/01/2020
HLB20-127;-21,31;55,607;0;15/01/2020
HLB20-128;-21,31;55,607;0;15/01/2020
HLB20-129;-21,31;55,607;0;15/01/2020
HLB20-130;-21,31;55,607;0;15/01/2020
HLB20-131;-21,338;55,61;0;15/01/2020
HLB20-132;-21,338;55,61;0;15/01/2020
HLB20-133;-21,338;55,61;0;15/01/2020
HLB20-134;-21,338;55,61;0;15/01/2020
HLB20-135;-21,338;55,61;0;15/01/2020
HLB20-136;-21,318;55,607;0;15/01/2020
HLB20-137;-21,318;55,607;0;15/01/2020
HLB20-138;-21,318;55,607;0;15/01/2020
HLB20-139;-21,318;55,607;0;15/01/2020
HLB20-140;-21,318;55,607;0;15/01/2020
HLB20-141;-21,322;55,615;0;15/01/2020
HLB20-142;-21,322;55,615;0;15/01/2020
HLB20-143;-21,322;55,615;0;15/01/2020
HLB20-144;-21,322;55,615;0;15/01/2020
HLB20-145;-21,322;55,615;0;15/01/2020
HLB20-146;-21,335;55,61;0;15/01/2020
HLB20-147;-21,335;55,61;0;15/01/2020
HLB20-148;-21,335;55,61;0;15/01/2020
HLB20-149;-21,335;55,61;0;15/01/2020
HLB20-150;-21,335;55,61;0;15/01/2020
HLB20-151;-21,321;55,615;0;15/01/2020
HLB20-152;-21,321;55,615;0;15/01/2020
HLB20-153;-21,321;55,615;0;15/01/2020
HLB20-154;-21,321;55,615;0;15/01/2020
HLB20-155;-21,321;55,615;0;15/01/2020
HLB20-156;-21,331;55,609;1;15/01/2020
HLB20-157;-21,331;55,609;1;15/01/2020
HLB20-158;-21,331;55,609;1;15/01/2020
HLB20-159;-21,331;55,609;0;15/01/2020
HLB20-160;-21,331;55,609;1;15/01/2020
HLB20-161;-21,341;55,61;0;15/01/2020
HLB20-162;-21,341;55,61;0;15/01/2020
HLB20-163;-21,341;55,61;0;15/01/2020
HLB20-164;-21,341;55,61;0;15/01/2020
HLB20-165;-21,341;55,61;0;15/01/2020
HLB20-166;-21,341;55,61;0;15/01/2020
HLB20-167;-21,341;55,61;0;15/01/2020
HLB20-168;-21,341;55,61;0;15/01/2020
HLB20-169;-21,341;55,61;0;15/01/2020
HLB20-170;-21,341;55,61;0;15/01/2020
HLB20-251;-21,03;55,521;0;08/10/2020
HLB20-252;-21,03;55,521;0;09/10/2020
HLB20-253;-21,03;55,521;0;10/10/2020
HLB20-254;-21,03;55,521;0;11/10/2020
HLB20-255;-21,03;55,521;0;12/10/2020
HLB20-256;-21,03;55,521;0;13/10/2020
HLB20-257;-21,03;55,521;0;14/10/2020
HLB20-258;-21,03;55,521;0;15/10/2020
HLB20-259;-21,03;55,521;0;16/10/2020
HLB20-260;-21,03;55,521;0;17/10/2020
HLB20-261;-21,03;55,521;0;18/10/2020
HLB20-262;-21,03;55,521;0;19/10/2020
HLB20-263;-21,03;55,521;0;20/10/2020
HLB20-264;-21,03;55,521;0;21/10/2020
HLB20-265;-21,03;55,521;0;22/10/2020
HLB20-266;-21,03;55,521;0;23/10/2020
HLB20-267;-21,03;55,521;0;24/10/2020
HLB20-268;-21,03;55,521;0;25/10/2020
HLB20-269;-21,03;55,521;0;26/10/2020
HLB20-270;-21,03;55,521;0;27/10/2020
HLB20-271;-21,03;55,521;0;28/10/2020
HLB20-272;-21,03;55,521;0;29/10/2020
HLB20-273;-21,03;55,521;0;30/10/2020
HLB20-274;-21,03;55,521;0;31/10/2020
HLB20-275;-21,03;55,521;0;01/11/2020
HLB20-276;-21,03;55,521;0;02/11/2020
HLB20-277;-21,03;55,521;0;03/11/2020
HLB20-278;-21,03;55,521;0;04/11/2020
HLB20-279;-21,03;55,521;0;05/11/2020
HLB20-280;-21,03;55,521;0;06/11/2020
HLB20-281;-21,336;55,476;1;24/06/2020
HLB20-282;-21,336;55,476;0;24/06/2020
HLB20-283;-21,336;55,476;0;24/06/2020
HLB20-284;-21,336;55,476;1;24/06/2020
HLB20-285;-21,336;55,476;0;24/06/2020
HLB20-291;-21,317;55,55;0;17/01/2020
HLB20-292;-21,317;55,55;0;17/01/2020
HLB20-293;-21,317;55,55;1;17/01/2020
HLB20-294;-21,317;55,55;0;17/01/2020
HLB20-295;-21,317;55,55;0;17/01/2020
HLB20-301;-21,313;55,539;0;17/01/2020
HLB20-302;-21,313;55,539;0;17/01/2020
HLB20-303;-21,313;55,539;0;17/01/2020
HLB20-304;-21,313;55,539;0;17/01/2020
HLB20-305;-21,313;55,539;0;17/01/2020
HLB20-316;-21,316;55,551;0;17/01/2020
HLB20-317;-21,316;55,551;0;17/01/2020
HLB20-318;-21,316;55,551;0;17/01/2020
HLB20-319;-21,316;55,551;0;17/01/2020
HLB20-320;-21,316;55,551;1;17/01/2020
HLB20-326;-21,107;55,762;0;29/01/2020
HLB20-327;-21,107;55,762;0;29/01/2020
HLB20-328;-21,107;55,762;0;29/01/2020
HLB20-329;-21,107;55,762;0;29/01/2020
HLB20-330;-21,107;55,762;0;29/01/2020
HLB20-336;-21,114;55,711;0;29/01/2020
HLB20-337;-21,114;55,711;0;29/01/2020
HLB20-338;-21,114;55,711;0;29/01/2020
HLB20-339;-21,114;55,711;0;29/01/2020
HLB20-340;-21,114;55,711;0;29/01/2020
HLB20-341;-21,087;55,702;0;29/01/2020
HLB20-342;-21,087;55,702;0;29/01/2020
HLB20-343;-21,087;55,702;0;29/01/2020
HLB20-344;-21,087;55,702;0;29/01/2020
HLB20-345;-21,087;55,702;0;29/01/2020
HLB20-351;-21,087;55,701;0;29/01/2020
HLB20-352;-21,087;55,701;1;29/01/2020
HLB20-353;-21,087;55,701;0;29/01/2020
HLB20-354;-21,087;55,701;0;29/01/2020
HLB20-355;-21,087;55,701;1;29/01/2020
HLB20-356;-21,109;55,696;0;29/01/2020
HLB20-357;-21,109;55,696;1;29/01/2020
HLB20-358;-21,109;55,696;1;29/01/2020
HLB20-359;-21,109;55,696;1;29/01/2020
HLB20-360;-21,109;55,696;1;29/01/2020
HLB20-361;-21,111;55,695;0;29/01/2020
HLB20-362;-21,111;55,695;0;29/01/2020
HLB20-363;-21,111;55,695;1;29/01/2020
HLB20-364;-21,111;55,695;0;29/01/2020
HLB20-365;-21,111;55,695;0;29/01/2020
HLB20-366;-21,063;55,686;0;30/01/2020
HLB20-367;-21,063;55,686;1;30/01/2020
HLB20-368;-21,063;55,686;0;30/01/2020
HLB20-369;-21,063;55,686;1;30/01/2020
HLB20-370;-21,063;55,686;1;30/01/2020
HLB20-371;-21,063;55,686;0;30/01/2020
HLB20-372;-21,063;55,686;0;30/01/2020
HLB20-373;-21,063;55,686;0;30/01/2020
HLB20-374;-21,063;55,686;0;30/01/2020
HLB20-375;-21,063;55,686;0;30/01/2020
HLB20-376;-21,072;55,737;0;30/01/2020
HLB20-377;-21,072;55,737;0;30/01/2020
HLB20-378;-21,072;55,737;0;30/01/2020
HLB20-379;-21,072;55,737;0;30/01/2020
HLB20-380;-21,072;55,737;0;30/01/2020
HLB20-396;-21,006;55,568;1;28/05/2020
HLB20-397;-21,006;55,568;1;28/05/2020
HLB20-398;-21,006;55,568;1;28/05/2020
HLB20-399;-21,006;55,568;1;28/05/2020
HLB20-400;-21,006;55,568;1;28/05/2020
HLB20-401;-20,98;55,634;1;28/05/2020
HLB20-402;-20,98;55,634;1;28/05/2020
HLB20-403;-20,98;55,634;1;28/05/2020
HLB20-404;-20,98;55,634;1;28/05/2020
HLB20-405;-20,98;55,634;1;28/05/2020
HLB20-406;-21,05;55,518;0;28/05/2020
HLB20-407;-21,05;55,518;0;28/05/2020
HLB20-408;-21,05;55,518;0;28/05/2020
HLB20-409;-21,05;55,518;0;28/05/2020
HLB20-410;-21,05;55,518;0;28/05/2020
HLB20-416;-21,006;55,566;0;28/05/2020
HLB20-417;-21,006;55,566;0;28/05/2020
HLB20-418;-21,006;55,566;0;28/05/2020
HLB20-419;-21,006;55,566;0;28/05/2020
HLB20-420;-21,006;55,566;0;28/05/2020
HLB20-426;-21,051;55,534;1;29/05/2020
HLB20-427;-21,051;55,534;1;29/05/2020
HLB20-428;-21,051;55,534;1;29/05/2020
HLB20-429;-21,051;55,534;1;29/05/2020
HLB20-430;-21,051;55,534;1;29/05/2020
HLB20-431;-21,03;55,495;0;29/05/2020
HLB20-432;-21,03;55,495;0;29/05/2020
HLB20-433;-21,03;55,495;1;29/05/2020
HLB20-434;-21,03;55,495;1;29/05/2020
HLB20-435;-21,03;55,495;0;29/05/2020
HLB20-436;-21,03;55,521;0;29/05/2020
HLB20-437;-21,03;55,521;0;29/05/2020
HLB20-438;-21,03;55,521;0;29/05/2020
HLB20-439;-21,03;55,521;0;29/05/2020
HLB20-440;-21,03;55,521;0;29/05/2020
HLB20-441;-21,031;55,464;1;29/05/2020
HLB20-442;-21,031;55,464;1;29/05/2020
HLB20-443;-21,031;55,464;1;29/05/2020
HLB20-444;-21,031;55,464;1;29/05/2020
HLB20-445;-21,031;55,464;0;29/05/2020
HLB20-446;-21,029;55,477;1;29/05/2020
HLB20-447;-21,029;55,477;0;29/05/2020
HLB20-448;-21,029;55,477;0;29/05/2020
HLB20-449;-21,029;55,477;1;29/05/2020
HLB20-450;-21,029;55,477;1;29/05/2020
HLB20-451;-21,067;55,508;0;29/05/2020
HLB20-452;-21,067;55,508;1;29/05/2020
HLB20-453;-21,067;55,508;0;29/05/2020
HLB20-454;-21,067;55,508;0;29/05/2020
HLB20-455;-21,067;55,508;0;29/05/2020
HLB20-456;-20,998;55,612;1;29/05/2020
HLB20-457;-20,998;55,612;1;29/05/2020
HLB20-458;-20,998;55,612;0;29/05/2020
HLB20-459;-20,998;55,612;1;29/05/2020
HLB20-460;-20,998;55,612;1;29/05/2020
HLB20-461;-21,031;55,512;1;29/05/2020
HLB20-462;-21,031;55,512;1;29/05/2020
HLB20-463;-21,031;55,512;0;29/05/2020
HLB20-464;-21,031;55,512;0;29/05/2020
HLB20-465;-21,031;55,512;0;29/05/2020
HLB20-466;-21,029;55,469;0;29/05/2020
HLB20-467;-21,029;55,469;1;29/05/2020
HLB20-468;-21,029;55,469;1;29/05/2020
HLB20-469;-21,029;55,469;1;29/05/2020
HLB20-470;-21,029;55,469;1;29/05/2020
HLB20-471;-21,036;55,48;1;29/05/2020
HLB20-472;-21,036;55,48;1;29/05/2020
HLB20-473;-21,036;55,48;0;29/05/2020
HLB20-474;-21,036;55,48;1;29/05/2020
HLB20-475;-21,036;55,48;1;29/05/2020
HLB20-476;-21,021;55,533;0;29/05/2020
HLB20-477;-21,021;55,533;1;29/05/2020
HLB20-478;-21,021;55,533;0;29/05/2020
HLB20-479;-21,021;55,533;0;29/05/2020
HLB20-480;-21,021;55,533;0;29/05/2020
HLB20-481;-21,034;55,527;0;29/05/2020
HLB20-482;-21,034;55,527;0;29/05/2020
HLB20-483;-21,034;55,527;0;29/05/2020
HLB20-484;-21,034;55,527;0;29/05/2020
HLB20-485;-21,034;55,527;1;29/05/2020
HLB20-486;-21,06;55,508;1;29/05/2020
HLB20-487;-21,06;55,508;1;29/05/2020
HLB20-488;-21,06;55,508;1;29/05/2020
HLB20-489;-21,06;55,508;1;29/05/2020
HLB20-490;-21,06;55,508;1;29/05/2020
HLB20-491;-21,06;55,508;0;29/05/2020
HLB20-492;-21,06;55,508;0;29/05/2020
HLB20-493;-21,06;55,508;0;29/05/2020
HLB20-494;-21,06;55,508;0;29/05/2020
HLB20-495;-21,06;55,508;0;29/05/2020
HLB20-496;-21,029;55,477;1;29/05/2020
HLB20-497;-21,029;55,477;1;29/05/2020
HLB20-498;-21,029;55,477;1;29/05/2020
HLB20-499;-21,029;55,477;1;29/05/2020
HLB20-500;-21,029;55,477;1;29/05/2020
HLB20-501;-21,06;55,508;1;29/05/2020
HLB20-502;-21,06;55,508;1;29/05/2020
HLB20-503;-21,06;55,508;1;29/05/2020
HLB20-504;-21,06;55,508;1;29/05/2020
HLB20-505;-21,06;55,508;0;29/05/2020
P1;-21,211;55,35;0;01/01/2015
P2;-21,311;55,577;0;01/01/2015
P3;-21,36;55,581;1;01/01/2015
P4;-21,338;55,555;0;01/01/2015
P5;-21,347;55,554;1;01/01/2015
P6;-21,358;55,581;0;01/01/2015
P7;-21,031;55,521;0;01/01/2015
P8;-21,027;55,542;0;01/01/2015
P9;-21,019;55,543;0;01/01/2015
P10;-21,362;55,568;1;01/01/2015
P11;-21,324;55,488;0;01/01/2015
P12;-21,344;55,578;1;01/01/2015
P1;-20,969;55,591;0;01/01/2016
P2;-21,358;55,559;1;01/01/2016
P3;-21,113;55,708;1;01/01/2016
P4;-21,05;55,527;0;01/01/2016
P5;-21,05;55,522;0;01/01/2016
P6;-21,043;55,533;0;01/01/2016
P7;-21,036;55,522;0;01/01/2016
P8;-21,108;55,69;0;01/01/2016
P9;-20,977;55,586;0;01/01/2016
P10;-21,031;55,512;0;01/01/2016
P11;-21,231;55,529;0;01/01/2016
P12;-21,282;55,558;0;01/01/2016
P13;-21,358;55,581;0;01/01/2016
P14;-21,31;55,427;0;01/01/2016
P15;-21,315;55,421;1;01/01/2016
P16;-21,317;55,549;0;01/01/2016
P17;-21,326;55,458;1;01/01/2016
P18;-21,048;55,307;0;01/01/2016
P19;-21,023;55,235;0;01/01/2016
P20;-21,018;55,324;0;01/01/2016
P21;-21,368;55,554;0;01/01/2016
P22;-21,366;55,569;1;01/01/2016
P23;-21,354;55,574;1;01/01/2016
P24;-21,369;55,568;1;01/01/2016
P25;-21,342;55,576;1;01/01/2016
P26;-21,329;55,567;1;01/01/2016
P27;-21,328;55,556;1;01/01/2016
P28;-21,324;55,569;0;01/01/2016
P29;-21,32;55,571;0;01/01/2016
P30;-21,35;55,583;1;01/01/2016
P1;-21,356;55,581;1;01/01/2017
P20;-21,36;55,579;1;01/01/2017
P2;-21,36;55,581;1;01/01/2017
P3;-21,361;55,583;1;01/01/2017
P18;-21,358;55,581;0;01/01/2017
P19;-21,36;55,573;1;01/01/2017
P4;-21,35;55,56;0;01/01/2017
P16;-21,344;55,553;1;01/01/2017
P5;-21,344;55,562;1;01/01/2017
P6a;-21,344;55,578;0;01/01/2017
P6b;-21,34;55,578;0;01/01/2017
P11;-21,32;55,457;1;01/01/2017
P12;-21,281;55,46;0;01/01/2017
P13;-21,328;55,609;1;01/01/2017
P14;-21,354;55,658;0;01/01/2017
P15a;-21,336;55,581;0;01/01/2017
P15b;-21,334;55,577;0;01/01/2017
P8;-21,33;55,579;1;01/01/2017
P17;-21,295;55,434;1;01/01/2017
P7;-21,328;55,581;0;01/01/2017
P10;-21,32;55,565;0;01/01/2017
P9;-21,32;55,572;0;01/01/2017
P21;-21,33;55,653;0;01/01/2017
P22;-21,353;55,68;0;01/01/2017
P23;-21,361;55,72;0;01/01/2017
P24;-21,183;55,808;0;01/01/2017
P25;-21,117;55,709;0;01/01/2017
P26;-21,01;55,621;0;01/01/2017
P27;-21,316;55,551;0;01/01/2017
P28;-21,317;55,55;0;01/01/2017
P29;-21,234;55,474;1;01/01/2017
P30;-21,062;55,686;1;01/01/2017
31LYA1;-21,023;55,235;0;31/07/2018
31LYA2;-21,023;55,235;0;31/07/2018
31LYA3;-21,026;55,234;0;31/07/2018
31LYA4;-21,023;55,234;0;31/07/2018
31LYP1;-21,063;55,25;0;31/07/2018
31LYP2;-21,053;55,254;0;31/07/2018
31LYP3;-21,062;55,254;0;31/07/2018
31LYP4;-21,062;55,254;0;31/07/2018
31LYP5;-21,059;55,254;0;31/07/2018
31LYP6;-21,059;55,234;0;31/07/2018
31HR2;-21,044;55,294;0;31/07/2018
31HR3;-21,044;55,294;0;31/07/2018
35CJLP3;-21,044;55,293;0;31/07/2018
31LYC1;-21,062;55,251;0;31/07/2018
31LYC2;-21,062;55,25;0;31/07/2018
31LYC3;-21,062;55,251;0;31/07/2018
31LYC4;-21,025;55,317;0;31/07/2018
31LYC5;-21,024;55,317;0;31/07/2018
31LYC6;-21,024;55,317;0;31/07/2018
31PV1;-21,237;55,322;0;31/07/2018
31PV2;-21,237;55,322;0;31/07/2018
31PV3;-21,236;55,322;0;31/07/2018
31PV4;-21,236;55,321;0;31/07/2018
31LC1;-21,085;55,258;0;31/07/2018
31LC2;-21,085;55,258;0;31/07/2018
31LC3;-21,085;55,258;0;31/07/2018
31LC4;-21,085;55,258;0;31/07/2018
31LC5;-21,084;55,257;0;31/07/2018
31LC6;-21,084;55,257;0;31/07/2018
31EARLJT1;-21,043;55,226;0;31/07/2018
31GR1;-21,216;55,313;0;31/07/2018
37HJO11;-21,284;55,556;0;18/09/2018
37HJO12;-21,284;55,555;0;18/09/2018
37HJO13;-21,285;55,555;0;18/09/2018
37HJO16;-21,285;55,554;0;18/09/2018
37HJO15;-21,285;55,554;0;18/09/2018
37HJO14;-21,284;55,555;0;18/09/2018
37LLCP11;-21,249;55,519;0;18/09/2018
37LLCP21;-21,252;55,519;0;18/09/2018
37LLCP31;-21,25;55,52;0;18/09/2018
37LLCP32;-21,251;55,52;0;18/09/2018
37RSP11;-21,275;55,562;0;18/09/2018
37RSP21;-21,275;55,561;0;18/09/2018
37RSP22;-21,275;55,561;0;18/09/2018
37RSP23;-21,275;55,561;0;18/09/2018
37TSPP11;-21,261;55,539;0;18/09/2018
37PBP11;-21,245;55,502;1;18/09/2018
37PBP21;-21,245;55,502;1;18/09/2018
37CJGP11;-21,227;55,524;0;18/09/2018
37LTP11;-21,225;55,543;0;18/09/2018
37HMAP11;-21,222;55,522;0;18/09/2018
37PBLP1;-21,231;55,514;0;18/09/2018
37FJBP11;-21,182;55,521;0;18/09/2018
37PYP11;-21,232;55,517;0;18/09/2018
37PYP12;-21,231;55,517;0;18/09/2018
37PYP13;-21,232;55,517;0;18/09/2018
37PYP14;-21,231;55,517;0;18/09/2018
37PYP15;-21,231;55,517;0;18/09/2018
37PYP16;-21,231;55,517;0;18/09/2018
37PYP21;-21,231;55,517;0;18/09/2018
37PYP22;-21,231;55,517;0;18/09/2018
37PYP23;-21,231;55,517;0;18/09/2018
37PYP24;-21,231;55,517;0;18/09/2018
37PYP25;-21,231;55,518;0;18/09/2018
37PYP26;-21,23;55,518;0;18/09/2018
37GDAP1;-21,199;55,532;0;18/09/2018
37DJP11;-21,239;55,533;0;18/09/2018
27DMJP1;-21,231;55,528;0;18/09/2018
37GDP11;-21,231;55,529;0;18/09/2018
37GDP12;-21,231;55,529;0;18/09/2018
37GDP13;-21,231;55,529;0;18/09/2018
37GDP14;-21,231;55,53;0;18/09/2018
37FEP11;-21,235;55,538;0;19/09/2018
37FEP21;-21,235;55,539;0;19/09/2018
37FEP22;-21,235;55,539;0;19/09/2018
37FEP23;-21,235;55,539;0;19/09/2018
26MJD1;-21,029;55,489;0;26/06/2018
26MJD2;-21,037;55,489;0;26/06/2018
26MJD3;-21,03;55,489;0;26/06/2018
26MJD4;-21,03;55,49;0;26/06/2018
26MJD5;-21,03;55,49;0;26/06/2018
26MJD6;-21,03;55,491;0;26/06/2018
26SR01;-20,975;55,589;0;26/06/2018
26SR02;-20,975;55,589;0;26/06/2018
26SR03;-20,976;55,589;0;26/06/2018
26BJA01;-21,023;55,543;0;26/06/2018
26BJA02;-21,024;55,543;0;26/06/2018
26BJA03;-21,024;55,543;0;26/06/2018
26BJA04;-21,024;55,542;0;26/06/2018
26DD01;-21,051;55,526;0;26/06/2018
26DD02;-21,023;55,527;0;26/06/2018
26DD03;-21,051;55,527;0;26/06/2018
26DD04;-21,05;55,527;0;26/06/2018
26ERA1;-21,053;55,499;0;26/06/2018
26ERA2;-21,054;55,498;0;26/06/2018
26ERA3;-21,053;55,498;0;26/06/2018
26ERA4;-21,053;55,497;0;26/06/2018
26ERA5;-21,053;55,498;0;26/06/2018
26ERA6;-21,053;55,499;0;26/06/2018
26RML1;-21,047;55,533;0;26/06/2018
26EPO1;-20,977;55,586;0;26/06/2018
26EPO2;-20,977;55,587;0;26/06/2018
26EPO3;-20,977;55,587;0;26/06/2018
26EPO4;-20,977;55,587;0;26/06/2018
17CIM1;-21,031;55,464;0;30/04/2018
17CIM2;-21,031;55,464;0;30/04/2018
17CIM3;-21,031;55,464;0;30/04/2018
17CIM4;-21,031;55,463;0;30/04/2018
17CIM5;-21,032;55,463;0;30/04/2018
17CIM6;-21,031;55,463;0;30/04/2018
17CIM7;-21,031;55,463;0;30/04/2018
17CIM8;-21,031;55,463;0;30/04/2018
17CIM9;-21,031;55,463;0;30/04/2018
17BER1;-21,036;55,521;0;30/04/2018
17BER3;-21,036;55,521;0;30/04/2018
17BER4;-21,036;55,521;0;30/04/2018
17BER5;-21,037;55,521;0;30/04/2018
17BER6;-21,037;55,52;0;30/04/2018
17GRO1;-21,029;55,477;0;30/04/2018
17GRO2;-21,029;55,477;0;30/04/2018
17ECLA1;-21,03;55,522;0;30/04/2018
17ECLA2;-21,03;55,521;0;30/04/2018
17ECLA3;-21,031;55,521;0;30/04/2018
17ECLA4;-21,03;55,522;0;30/04/2018
17ECLA5;-21,03;55,521;0;30/04/2018
17ECLA6;-21,03;55,521;0;30/04/2018
17ECLA7;-21,03;55,521;0;30/04/2018
17ECLA8;-21,029;55,521;0;30/04/2018
17ECLA9;-21,03;55,521;0;30/04/2018
17ECLA10;-21,03;55,521;0;30/04/2018
17ECLA11;-21,029;55,521;0;30/04/2018
17ECLA12;-21,029;55,521;0;30/04/2018
17ECLA13;-21,029;55,521;0;30/04/2018
17BEG1;-21,029;55,513;0;30/04/2018
17BEG2;-21,029;55,513;0;30/04/2018
17BEG3;-21,03;55,514;0;30/04/2018
22SV1;-21,055;55,507;0;29/05/2018
22SV2;-21,055;55,507;0;29/05/2018
22SV3;-21,054;55,507;0;29/05/2018
22SV4;-21,054;55,508;0;29/05/2018
22SV5;-21,054;55,508;0;29/05/2018
22SV6;-21,054;55,508;0;29/05/2018
22SV7;-21,054;55,507;0;29/05/2018
22SV8;-21,054;55,506;0;29/05/2018
22SV9;-21,054;55,507;0;29/05/2018
22SV10;-21,053;55,506;0;29/05/2018
22SV11;-21,053;55,506;0;29/05/2018
22SV12;-21,053;55,506;0;29/05/2018
22HB1;-21,043;55,532;0;29/05/2018
22UG1;-21,07;55,508;0;29/05/2018
22MR1;-21,05;55,533;0;29/05/2018
22MR2;-21,051;55,533;0;29/05/2018
22MR3;-21,052;55,534;0;29/05/2018
22MR4;-21,051;55,534;0;29/05/2018
22MR5;-21,052;55,533;0;29/05/2018
22MR6;-21,052;55,533;0;29/05/2018
22MR7;-21,052;55,535;0;29/05/2018
22MR8;-21,051;55,535;0;29/05/2018
22MR9;-21,051;55,535;0;29/05/2018
22MR10;-21,051;55,536;0;29/05/2018
22MR11;-21,051;55,535;0;29/05/2018
22MR12;-21,051;55,534;0;29/05/2018
C18-201;-21,031;55,508;0;27/03/2018
C18-202;-21,031;55,508;0;27/03/2018
C18-203;-21,03;55,509;0;27/03/2018
C18-236;-21,027;55,543;1;27/03/2018
C18-227;-21,027;55,543;0;27/03/2018
C18-243;-21,028;55,542;0;27/03/2018
C18-233;-21,028;55,543;0;27/03/2018
C18-228;-21,031;55,542;0;27/03/2018
C18-258;-21,031;55,542;0;27/03/2018
C18-229;-21,03;55,542;0;27/03/2018
C18-242;-21,03;55,542;0;27/03/2018
C18-260;-21,03;55,542;0;27/03/2018
C18-259;-21,03;55,542;0;27/03/2018
C18-232;-21,03;55,542;0;27/03/2018
C18-241;-21,03;55,542;0;27/03/2018
C18-246;-21,03;55,542;0;27/03/2018
C18-247;-21,03;55,542;0;27/03/2018
C18-235;-21,03;55,542;0;27/03/2018
C18-230;-21,029;55,543;0;27/03/2018
C18-248;-21,029;55,542;1;27/03/2018
C18-239;-21,029;55,542;0;27/03/2018
C18-255;-21,029;55,542;0;27/03/2018
C18-252;-21,028;55,542;0;27/03/2018
C18-250;-21,031;55,542;0;27/03/2018
C18-257;-21,031;55,542;0;27/03/2018
C18-256;-21,03;55,542;0;27/03/2018
C18-237;-21,03;55,542;0;27/03/2018
C18-245;-21,03;55,542;0;27/03/2018
C18-231;-21,03;55,543;0;27/03/2018
C18-238;-21,03;55,543;0;27/03/2018
C18-249;-21,03;55,543;0;27/03/2018
C18-253;-21,029;55,543;0;27/03/2018
C18-251;-21,029;55,543;0;27/03/2018
C18-254;-21,029;55,543;0;27/03/2018
C18-240;-21,029;55,542;0;27/03/2018
C18-244;-21,029;55,542;0;27/03/2018
C18-234;-21,029;55,543;0;27/03/2018
C18-204;-21,031;55,52;0;27/03/2018
C18-205;-21,031;55,52;0;27/03/2018
C18-206;-21,032;55,52;0;27/03/2018
C18-207;-21,032;55,521;0;27/03/2018
C18-208;-21,031;55,52;0;27/03/2018
C18-209;-21,031;55,52;0;27/03/2018
C18-210;-21,031;55,52;0;27/03/2018
C18-211;-21,031;55,52;0;27/03/2018
C18-212;-21,031;55,521;0;27/03/2018
C18-213;-21,031;55,521;0;27/03/2018
C18-214;-21,031;55,521;0;27/03/2018
C18-215;-21,031;55,521;0;27/03/2018
C18-216;-21,031;55,52;0;27/03/2018
C18-217;-21,032;55,52;0;27/03/2018
C18-218;-21,031;55,52;0;27/03/2018
C18-219;-21,031;55,52;0;27/03/2018
C18-220;-21,031;55,52;0;27/03/2018
C18-221;-21,031;55,52;0;27/03/2018
C18-222;-21,031;55,52;0;27/03/2018
C18-223;-21,031;55,52;0;27/03/2018
C18-224;-21,031;55,52;0;27/03/2018
C18-225;-21,03;55,52;0;27/03/2018
C18-226;-21,03;55,52;0;27/03/2018
35TRP1-1;-21,282;55,558;0;28/08/2018
35TRP1-2;-21,282;55,558;0;28/08/2018
35TRP2-2;-21,282;55,556;0;28/08/2018
35TRP2-1;-21,282;55,556;0;28/08/2018
35TRP2-3;-21,282;55,558;0;28/08/2018
35TRP3-1;-21,282;55,559;0;28/08/2018
35TRP3-2;-21,283;55,559;0;28/08/2018
35TRP3-3;-21,283;55,56;0;28/08/2018
35PJAP1;-21,231;55,518;0;28/08/2018
35PJAP2;-21,234;55,519;0;28/08/2018
35PJAP3;-21,239;55,522;0;28/08/2018
35RJYBP1;-21,211;55,549;0;28/08/2018
35RJYBP2;-21,212;55,549;0;28/08/2018
35RJYBP3;-21,211;55,548;0;28/08/2018
35RJYBP4;-21,211;55,548;0;28/08/2018
35RJYBP5;-21,212;55,547;0;28/08/2018
35RJYBP6;-21,212;55,547;0;28/08/2018
35PPP1;-21,242;55,51;0;28/08/2018
35PPP2-1;-21,24;55,509;0;28/08/2018
35PPP2-2;-21,24;55,509;0;28/08/2018
35PPP3;-21,241;55,509;0;28/08/2018
35FJYP1-1;-21,28;55,56;0;28/08/2018
35FJYP1-2;-21,28;55,56;0;28/08/2018
35FJYP1-3;-21,28;55,56;0;28/08/2018
35FJYP1-4;-21,28;55,56;0;28/08/2018
35FJYP1-5;-21,28;55,56;0;28/08/2018
35FJYP2-1;-21,28;55,56;0;28/08/2018
35FJYP2-2;-21,28;55,56;0;28/08/2018
35FJYP2-3;-21,28;55,56;0;28/08/2018
35FJYP2-4;-21,281;55,56;0;28/08/2018
35FJYP2-5;-21,28;55,56;0;28/08/2018
35FJYP2-6;-21,28;55,559;0;28/08/2018
35FJYP3;-21,28;55,56;0;28/08/2018
35CJLP1;-21,254;55,545;0;28/08/2018
35CJLP2;-21,255;55,545;0;28/08/2018
35CJLP3;-21,333;55,549;0;28/08/2018
35CMPP1;-21,243;55,548;0;28/08/2018
35CMPP2;-21,243;55,548;0;28/08/2018
35CMPP3;-21,244;55,548;0;28/08/2018
35CMPP4;-21,244;55,548;0;28/08/2018
35CMPP5;-21,244;55,547;0;28/08/2018
37HJO11;-21,288;55,555;0;22/01/2019
04BJP1 02;-21,288;55,555;0;22/01/2019
04BJP1 03;-21,288;55,555;0;22/01/2019
04BJP1 04;-21,288;55,555;0;22/01/2019
04BJP1 05;-21,289;55,555;0;22/01/2019
04BJP1 06;-21,289;55,555;0;22/01/2019
04FLJP1 01;-21,282;55,553;0;22/01/2019
04GEP1 01;-21,231;55,529;0;22/01/2019
04GEP1 02;-21,231;55,529;0;22/01/2019
04GEP1 03;-21,231;55,529;0;22/01/2019
04GEP1 04;-21,231;55,529;0;22/01/2019
04GEP1 05;-21,23;55,529;0;22/01/2019
04GEP1 06;-21,231;55,53;0;22/01/2019
04BPP1 01;-21,291;55,541;1;22/01/2019
04BPP1 02;-21,291;55,541;1;22/01/2019
04-BS-P1-01;-21,265;55,48;1;22/01/2019
04-BS-P1-02;-21,265;55,48;1;22/01/2019
04-BS-P1-03;-21,265;55,48;0;22/01/2019
04-BS-P1-04;-21,264;55,481;0;22/01/2019
04-BS-P1-05;-21,264;55,481;0;22/01/2019
04-BS-P2-01;-21,264;55,48;0;22/01/2019
08-NDA-P1-02;-21,056;55,267;0;19/02/2019
08-NDA-P1-01;-21,056;55,267;0;19/02/2019
08-CA-P1-01;-21,067;55,279;1;19/02/2019
08-HS-P1-01;-21,054;55,302;0;19/02/2019
08-HS-P1-02;-21,053;55,302;0;19/02/2019
08-HS-P1-03;-21,054;55,302;0;19/02/2019
08-HS-P1-04;-21,054;55,303;0;19/02/2019
08-HS-P1-05;-21,054;55,303;0;19/02/2019
08-HS-P1-06;-21,054;55,302;0;19/02/2019
08-HS-P1-07;-21,055;55,302;0;19/02/2019
08-HS-P1-08;-21,055;55,302;0;19/02/2019
08-GMR-P1-02;-21,048;55,307;0;19/02/2019
08-GMR-P1-03;-21,049;55,307;0;19/02/2019
08-GMR-P1-04;-21,049;55,306;0;19/02/2019
08-GMR-P1-05;-21,048;55,306;0;19/02/2019
08-GMR-P1-01;-21,048;55,307;0;19/02/2019
08-PPH-P1-01;-21,221;55,525;0;19/02/2019
08-PPH-P2-01;-21,222;55,524;0;19/02/2019
08-MER-P1-01;-21,302;55,546;0;19/02/2019
08-LPR-P1-01;-21,001;55,342;0;19/02/2019
08-SM-P1-01;-21,009;55,35;0;19/02/2019
08-SM-P1-02;-21,009;55,351;0;19/02/2019
08-PI-P1-01;-21,018;55,324;0;19/02/2019
08-PI-P1-02;-21,018;55,324;0;19/02/2019
08-PI-P1-03;-21,017;55,324;0;19/02/2019
08-MLJ-P1-01;-21,108;55,699;1;19/02/2019
08-MLJ-P1-02;-21,108;55,698;1;19/02/2019
08-MLJ-P1-03;-21,108;55,698;0;19/02/2019
08-BJ-P1-01;-21,061;55,648;0;19/02/2019
08-BJ-P1-02;-21,061;55,647;0;19/02/2019
08-BJ-P1-03;-21,06;55,648;0;19/02/2019
08-JN-P1-01;-21,108;55,702;0;19/02/2019
08-JN-P1-02;-21,108;55,702;0;19/02/2019
08-RL-P1-01;-21,024;55,615;0;19/02/2019
08-RL-P1-02;-21,024;55,615;0;19/02/2019
12-GE-P1-01;-21,152;55,802;0;19/03/2019
12-GSC-P1-01;-21,346;55,703;0;19/03/2019
12-GSC-P1-02;-21,346;55,704;0;19/03/2019
12-MI-P1-01;-21,345;55,702;0;19/03/2019
12-MI-P1-02;-21,345;55,702;0;19/03/2019
12-MI-P1-03;-21,345;55,702;1;19/03/2019
12-MI-P1-04;-21,345;55,702;0;19/03/2019
12-MI-P1-05;-21,344;55,702;0;19/03/2019
12-MI-P1-06;-21,345;55,703;0;19/03/2019
12-HG-P1-01;-21,265;55,537;1;19/03/2019
12-HG-P2-01;-21,245;55,534;0;19/03/2019
12-HG-P2-02;-21,245;55,534;0;19/03/2019
12-PAE-P1-01;-21,283;55,542;0;19/03/2019
12-PAE-P1-02;-21,283;55,542;1;19/03/2019
12-FLD-P1-01;-21,329;55,608;0;19/03/2019
12-FLD-P1-02;-21,329;55,608;0;19/03/2019
12-FLD-P1-03;-21,329;55,608;0;19/03/2019
12-FLD-P1-04;-21,329;55,609;1;19/03/2019
12-MJP-P1-01;-21,343;55,578;1;19/03/2019
12-MJP-P1-02;-21,344;55,578;0;19/03/2019
12-MJP-P2-01;-21,34;55,578;1;19/03/2019
12-MJP-P2-02;-21,34;55,578;0;19/03/2019
12-MJP-P2-03;-21,34;55,578;1;19/03/2019
12-MJP-P3-01;-21,336;55,599;0;19/03/2019
12-MJP-P3-02;-21,336;55,599;0;19/03/2019
12-MJP-P3-03;-21,336;55,593;0;19/03/2019
12-MJP-P3-04;-21,336;55,599;0;19/03/2019
12-HS-P1-01;-21,35;55,56;1;19/03/2019
12-HS-P1-02;-21,35;55,56;0;19/03/2019
12-HS-P1-03;-21,35;55,56;0;19/03/2019
12-HS-P1-04;-21,35;55,561;0;19/03/2019
12-HS-P1-05;-21,349;55,56;1;19/03/2019
12-HS-P1-06;-21,349;55,56;0;19/03/2019
12-HS-P1-07;-21,349;55,56;1;19/03/2019
12-HS-P1-08;-21,349;55,559;1;19/03/2019
12-HS-P1-09;-21,349;55,559;1;19/03/2019
12-HS-P1-10;-21,349;55,56;0;19/03/2019
12-HS-P1-11;-21,35;55,558;1;19/03/2019
12-HS-P1-12;-21,35;55,558;1;19/03/2019
12-HS-P1-13;-21,35;55,559;0;19/03/2019
12-HS-P1-14;-21,35;55,559;1;19/03/2019
12-HS-P1-15;-21,35;55,559;0;19/03/2019
12-PJL-P1-01;-21,361;55,581;1;19/03/2019
12-PJL-P1-02;-21,36;55,581;1;19/03/2019
16-NJ-P1-01;-21,365;55,692;0;16/04/2019
16-HJG-P1-01;-21,322;55,607;0;16/04/2019
16-HJK-P1-01;-21,328;55,653;0;16/04/2019
16-HJK-P1-03;-21,329;55,654;0;16/04/2019
16-HJK-P1-02;-21,329;55,654;0;16/04/2019
16-HJK-P1-04;-21,329;55,653;0;16/04/2019
16-HJK-P1-05;-21,33;55,653;0;16/04/2019
16-HJK-P1-06;-21,329;55,653;0;16/04/2019
16-GB-P1-01;-20,978;55,587;0;16/04/2019
16-GB-P1-02;-20,979;55,586;0;16/04/2019
16-GB-P1-03;-20,979;55,586;0;16/04/2019
16-GB-P1-04;-20,979;55,586;0;16/04/2019
16-GB-P1-05;-20,979;55,586;0;16/04/2019
16-GB-P1-06;-20,979;55,586;0;16/04/2019
16-DMG-P1-01;-21,027;55,465;0;16/04/2019
16-DMG-P2-01;-21,027;55,465;0;16/04/2019
16-DMG-P2-02;-21,028;55,465;0;16/04/2019
16-DMG-P3-01;-21,027;55,465;0;16/04/2019
16-DMG-P3-02;-21,028;55,465;0;16/04/2019
16-JN-P1-01;-21,125;55,725;1;16/04/2019
16-JN-P1-02;-21,125;55,725;0;16/04/2019
16-JN-P1-03;-21,126;55,725;0;16/04/2019
16-SJM-P1-01;-20,933;55,595;1;16/04/2019
16-SJM-P1-02;-20,934;55,595;1;16/04/2019
16-FL-P1-01;-21,309;55,415;0;16/04/2019
16-HDP-P1-01;-21,32;55,65;0;16/04/2019
16-NJB-P1-01;-21,281;55,37;1;16/04/2019
16-NJB-P1-02;-21,281;55,371;0;16/04/2019
16-NJB-P1-03;-21,282;55,371;1;16/04/2019
16-NJB-P1-04;-21,282;55,371;0;16/04/2019
16-NJB-P1-05;-21,282;55,371;0;16/04/2019
48-PBL-P1-01;-21,231;55,514;0;25/11/2019
45-LC-P1-01;-21,085;55,257;0;04/11/2019
45-LC-P1-02;-21,085;55,258;0;04/11/2019
45-LC-P1-03;-21,085;55,258;0;04/11/2019
45-LC-P1-04;-21,084;55,258;0;04/11/2019
45-LC-P1-05;-21,084;55,257;0;04/11/2019
45-MSK-P1-01;-21,072;55,317;0;04/11/2019
45-MSK-P1-03;-21,072;55,317;0;04/11/2019
45-MSK-P1-02;-21,073;55,317;0;04/11/2019
45-MSK-P1-04;-21,072;55,316;0;04/11/2019
45-MR-P1-01;-21,052;55,535;0;04/11/2019
45-MR-P1-02;-21,052;55,535;0;04/11/2019
45-MR-P1-03;-21,051;55,536;0;04/11/2019
45-MR-P1-04;-21,051;55,535;0;04/11/2019
45-MR-P1-05;-21,051;55,535;0;04/11/2019
45-MR-P1-06;-21,051;55,534;0;04/11/2019
45-MR-P1-07;-21,052;55,534;0;04/11/2019
45-MR-P1-08;-21,052;55,534;0;04/11/2019
45-MR-P1-09;-21,052;55,534;0;04/11/2019
45-MR-P1-10;-21,051;55,533;0;04/11/2019
45-MR-P1-11;-21,051;55,534;0;04/11/2019
45-MR-P1-12;-21,051;55,535;0;04/11/2019
45-BHM-P1-01;-21,036;55,521;0;04/11/2019
45-BHM-P1-02;-21,036;55,521;0;04/11/2019
45-BHM-P1-03;-21,037;55,52;0;04/11/2019
21-V-P1 01;-21,015;55,345;0;21/05/2019
49-BB-P1-01;-21,322;55,572;0;02/12/2019
49-EARLF-P1-01;-21,336;55,581;0;02/12/2019
21-EARLLF-P2 01;-21,336;55,581;1;21/05/2019
49-GCA-P1-01;-21,342;55,586;0;02/12/2019
21-PG-P1 01;-21,348;55,547;1;21/05/2019
21-PG-P1 02;-21,348;55,547;1;21/05/2019
21-PG-P1 03;-21,349;55,547;1;21/05/2019
48-PP-P1-01;-21,239;55,51;0;25/11/2019
48-PP-P1-02;-21,239;55,51;0;25/11/2019
48-PP-P2-01;-21,24;55,509;0;25/11/2019
48-PP-P2-02;-21,24;55,509;0;25/11/2019
48-TR-P1-01;-21,282;55,558;0;25/11/2019
48-TR-P1-02;-21,282;55,558;0;25/11/2019
45-MDJ-P1-01;-21,03;55,489;0;04/11/2019
45-MDJ-P1-02;-21,029;55,489;0;04/11/2019
45-MDJ-P1-03;-21,03;55,49;0;04/11/2019
45-MDJ-P1-04;-21,03;55,49;0;04/11/2019
45-MDJ-P1-05;-21,03;55,491;0;04/11/2019
45-GU-P2-01;-21,07;55,509;0;04/11/2019
45-GU-P1-01;-21,071;55,509;0;04/11/2019
26-TMC-P1-01;-21,228;55,377;0;25/06/2019
26-TMC-P1-01;-21,229;55,377;0;25/06/2019
48-MM-P1-01;-21,22;55,485;0;25/11/2019
26-MM-P1-02;-21,219;55,485;1;25/06/2019
48-MMY-P1-01;-21,235;55,482;0;25/11/2019
48-MMY-P1-02;-21,235;55,482;0;25/11/2019
26-YL-P1-01;-21,359;55,587;1;25/06/2019
26-BML-P1-01;-21,328;55,556;0;25/06/2019
26-BML-P1-02;-21,328;55,556;0;25/06/2019
26-BML-P1-03;-21,328;55,556;1;25/06/2019
49-YJL-P1-01;-21,311;55,577;0;02/12/2019
49-YJL-P1-02;-21,311;55,577;0;02/12/2019
49-YJL-P1-03;-21,312;55,577;0;02/12/2019
49-YJL-P1-04;-21,312;55,577;0;02/12/2019
49-YJL-P1-05;-21,311;55,576;0;02/12/2019
49-YJL-P1-06;-21,311;55,577;0;02/12/2019
49-YJL-P1-07;-21,311;55,577;0;02/12/2019
49-YJL-P1-08;-21,311;55,577;0;02/12/2019
49-YJL-P1-09;-21,311;55,577;0;02/12/2019
49-YJL-P2-01;-21,311;55,578;0;02/12/2019
49-YJL-P2-02;-21,311;55,578;0;02/12/2019
49-YJL-P2-03;-21,311;55,577;0;02/12/2019
49-YJL-P2-04;-21,31;55,577;0;02/12/2019
49-YJL-P2-05;-21,31;55,577;0;02/12/2019
49-YJL-P2-06;-21,311;55,577;0;02/12/2019
49-YJL-P2-07;-21,311;55,576;0;02/12/2019
49-YJL-P2-08;-21,311;55,576;0;02/12/2019
49-YJL-P2-09;-21,311;55,577;0;02/12/2019
49-YJL-P3-01;-21,312;55,578;0;02/12/2019
49-YJL-P3-02;-21,312;55,578;0;02/12/2019
49-YJL-P3-03;-21,312;55,577;0;02/12/2019
49-YJL-P4-01;-21,312;55,577;0;02/12/2019
49-YJL-P4-02;-21,312;55,577;0;02/12/2019
49-YJL-P4-03;-21,312;55,578;0;02/12/2019
45-NS-P1-01;-21,083;55,277;0;04/11/2019
45-NS-P1-02;-21,082;55,277;0;04/11/2019
45-NS-P1-03;-21,082;55,278;0;04/11/2019
45-NS-P1-04;-21,082;55,278;0;04/11/2019
48-BJL-P1-01;-21,207;55,425;0;25/11/2019
48-BMA-P1-01;-21,234;55,443;0;25/11/2019
32-BTM-P1-01;-21,258;55,388;0;06/08/2019
48-GDA-P1-01;-21,198;55,533;0;25/11/2019
48-GDA-P1-02;-21,199;55,532;0;25/11/2019
48-GDA-P1-03;-21,199;55,532;0;25/11/2019
48-GDA-P2-01;-21,197;55,533;0;25/11/2019
48-GDA-P2-02;-21,197;55,533;0;25/11/2019
48-GDA-P2-03;-21,197;55,533;0;25/11/2019
48-FE-P1-01;-21,236;55,538;0;25/11/2019
48-FE-P1-02;-21,236;55,538;0;25/11/2019
48-FE-P1-03;-21,235;55,539;0;25/11/2019
48-FE-P1-04;-21,235;55,539;0;25/11/2019
32-BTM-P2-01;-21,257;55,387;0;08/08/2019
32-BTM-P2-02;-21,257;55,386;0;08/08/2019
32-BTM-P2-03;-21,257;55,387;0;08/08/2019
32-BTM-P2-04;-21,257;55,387;0;08/08/2019
32-BTM-P2-05;-21,256;55,387;0;08/08/2019
48-HRR-P1-01;-21,244;55,471;0;25/11/2019
48-HRR-P1-02;-21,243;55,47;0;25/11/2019
48-HRR-P1-03;-21,243;55,47;0;25/11/2019
48-HRR-P1-04;-21,243;55,47;0;25/11/2019
48-HRR-P1-05;-21,243;55,47;0;25/11/2019
48-HRR-P1-06;-21,243;55,47;0;25/11/2019
48-HRR-P1-07;-21,244;55,47;0;25/11/2019
48-HRR-P2-01;-21,239;55,464;0;25/11/2019
48-HRR-P2-02;-21,239;55,464;0;25/11/2019
48-HRR-P3-01;-21,226;55,47;0;25/11/2019
48-HRR-P3-02;-21,225;55,471;0;25/11/2019
48-HRR-P3-03;-21,224;55,471;0;25/11/2019
34-BO-P1-01;-21,029;55,514;0;20/08/2019
34-BO-P1-02;-21,029;55,513;0;20/08/2019
34-BO-P1-03;-21,029;55,514;0;20/08/2019
34-BO-P2-01;-21,031;55,508;0;20/08/2019
34-BO-P2-02;-21,031;55,508;0;20/08/2019
34-BO-P2-03;-21,03;55,509;0;20/08/2019
34-BJA-P1-01;-21,023;55,544;0;20/08/2019
34-BJA-P1-02;-21,024;55,543;0;20/08/2019
34-BJA-P1-03;-21,024;55,543;0;20/08/2019
34-BJA-P1-04;-21,024;55,543;0;20/08/2019
34-BJA-P1-05;-21,024;55,543;0;20/08/2019
34-BJA-P1-06;-21,023;55,543;0;20/08/2019
34-BJA-P1-07;-21,024;55,543;0;20/08/2019
34-BJA-P1-08;-21,024;55,543;0;20/08/2019
34-BJA-P1-09;-21,024;55,543;0;20/08/2019
34-BJA-P1-10;-21,024;55,542;0;20/08/2019
34-GJM-P1-01;-21,029;55,477;0;20/08/2019
34-GJM-P2-01;-21,029;55,478;0;20/08/2019
34-GJM-P3-01;-21,029;55,477;0;20/08/2019
34-CIM-P1-01;-21,031;55,465;0;20/08/2019
34-CIM-P1-02;-21,03;55,464;0;20/08/2019
34-CIM-P1-03;-21,031;55,464;0;20/08/2019
34-CIM-P1-04;-21,03;55,464;0;20/08/2019
34-CIM-P1-05;-21,03;55,463;0;20/08/2019
34-CIM-P1-06;-21,03;55,464;0;20/08/2019
34-CIM-P1-07;-21,032;55,463;0;20/08/2019
34-CIM-P1-08;-21,031;55,463;0;20/08/2019
34-CIM-P1-09;-21,031;55,463;0;20/08/2019
34-CIM-P1-10;-21,031;55,463;0;20/08/2019
34-BH-P1-01;-21,043;55,532;0;20/08/2019
36-PJ-P1-01;-21,046;55,7;1;03/09/2019
36-NR-P1-01;-21,098;55,671;0;03/09/2019
36-NR-P1-02;-21,098;55,67;0;03/09/2019
36-ERA-P1-01;-21,053;55,499;0;03/09/2019
36-ERA-P1-02;-21,053;55,499;0;03/09/2019
36-ERA-P1-03;-21,053;55,498;0;03/09/2019
36-ERA-P1-04;-21,053;55,498;0;03/09/2019
36-ERA-P1-05;-21,053;55,492;0;03/09/2019
36-ERA-P1-06;-21,053;55,498;0;03/09/2019
36-MO-P1-01;-21,114;55,703;0;03/09/2019
36-MO-P1-02;-21,114;55,703;0;03/09/2019
36-MO-P2-01;-21,112;55,705;0;03/09/2019
36-MO-P2-02;-21,111;55,699;0;03/09/2019
36-MO-P2-03;-21,111;55,705;0;03/09/2019
36-MO-P2-04;-21,112;55,705;0;03/09/2019
36-RAP-P1-01;-21,108;55,691;1;03/09/2019
36-RAP-P1-02;-21,108;55,691;0;03/09/2019
36-RAP-P2-01;-21,108;55,691;0;03/09/2019
36-RAP-P3-01;-21,109;55,691;0;03/09/2019
36-RAP-P4-01;-21,109;55,69;0;03/09/2019
36-RAP-P4-02;-21,109;55,69;0;03/09/2019
36-RAP-P5-01;-21,108;55,69;0;03/09/2019
36-RAP-P5-02;-21,108;55,69;1;03/09/2019
36-BG-P1-01;-21,117;55,711;0;03/09/2019
36-BG-P1-02;-21,117;55,71;1;03/09/2019
36-BG-P1-03;-21,117;55,71;0;03/09/2019
36-BG-P1-04;-21,117;55,71;0;03/09/2019
36-BG-P1-05;-21,116;55,709;0;03/09/2019
36-BG-P1-06;-21,117;55,709;0;03/09/2019
38-LJ-P1-01;-21,24;55,41;0;17/09/2019
38-RS-P1-01;-21,064;55,26;0;17/09/2019
38-RS-P2-01;-21,064;55,26;1;17/09/2019
38-RS-P3-01;-21,064;55,26;0;17/09/2019
38-RS-P4-01;-21,062;55,259;0;17/09/2019
38-DF-P1-01;-21,243;55,44;0;17/09/2019
38-DF-P1-02;-21,243;55,44;0;17/09/2019
38-LRP-P1-01;-21,211;55,351;0;17/09/2019
38-LRP-P1-02;-21,211;55,35;0;17/09/2019
38-LRP-P1-03;-21,211;55,35;0;17/09/2019
38-LRP-P1-04;-21,211;55,351;0;17/09/2019
38-LRP-P1-05;-21,211;55,35;0;17/09/2019
38-LRP-P1-06;-21,211;55,35;0;17/09/2019
38-LRP-P1-07;-21,211;55,35;0;17/09/2019
38-LRP-P1-08;-21,212;55,35;0;17/09/2019
38-LRP-P1-09;-21,212;55,35;0;17/09/2019
38-LRP-P1-10;-21,212;55,349;0;17/09/2019
38-LRP-P1-11;-21,213;55,349;0;17/09/2019
38-LRP-P1-12;-21,213;55,348;0;17/09/2019
26-EARLJT-P1-01;-21,043;55,226;0;22/06/2020
26-BDM-P1-01;-21,038;55,238;0;22/06/2020
26-BDM-P1-02;-21,038;55,238;0;22/06/2020
26-BDM-P1-03;-21,038;55,237;0;22/06/2020
26-BDM-P1-04;-21,038;55,237;0;22/06/2020
26-BDM-P1-05;-21,037;55,238;0;22/06/2020
26-BDM-P1-06;-21,038;55,238;0;22/06/2020
26-BDM-P1-07;-21,038;55,238;0;22/06/2020
26-LYC-P1-01;-21,062;55,25;0;22/06/2020
26-LYC-P1-02;-21,062;55,25;0;22/06/2020
26-LYC-P1-03;-21,062;55,249;0;22/06/2020
26-MP-P1-01;-21,055;55,276;0;22/06/2020
26-NDA-P1-01;-21,056;55,267;0;22/06/2020
26-NDA-P1-02;-21,056;55,267;0;22/06/2020
26-HR-P1-01;-21,044;55,293;0;22/06/2020
26-HR-P1-02;-21,044;55,294;0;22/06/2020
26-HR-P1-03;-21,043;55,294;0;22/06/2020
26-MSK-P1-01;-21,072;55,316;0;22/06/2020
26-MSK-P1-02;-21,073;55,316;0;22/06/2020
26-MSK-P1-03;-21,073;55,317;0;22/06/2020
26-MSK-P1-04;-21,071;55,317;0;22/06/2020
26-PI-P1-01;-21,017;55,324;0;22/06/2020
26-PI-P1-02;-21,017;55,323;0;22/06/2020
26-PI-P1-03;-21,018;55,324;0;22/06/2020
26-PI-P1-04;-21,018;55,324;0;22/06/2020
26-LC-P1-01;-21,084;55,259;0;23/06/2020
26-LC-P1-02;-21,084;55,257;0;23/06/2020
26-LC-P1-03;-21,084;55,257;0;23/06/2020
26-LC-P1-04;-21,085;55,258;0;23/06/2020
26-LC-P1-05;-21,085;55,258;0;23/06/2020
27-BJY-P1-01;-21,202;55,408;0;29/06/2020
27-BF-P1-01;-21,243;55,44;0;29/06/2020
27-BF-P1-02;-21,243;55,441;0;29/06/2020
27-CA-P1-01;-21,286;55,432;0;29/06/2020
27-PJA-P1-01;-21,222;55,401;0;29/06/2020
27-PJA-P1-02;-21,222;55,401;0;29/06/2020
27-PJA-P1-03;-21,222;55,401;0;29/06/2020
27-PJA-P1-04;-21,222;55,401;0;29/06/2020
27-PJA-P1-05;-21,222;55,4;0;29/06/2020
27-PJA-P1-06;-21,222;55,401;0;29/06/2020
27-FJM-P1-01;-21,207;55,401;0;29/06/2020
27-FJM-P1-02;-21,207;55,401;0;29/06/2020
27-FJM-P1-03;-21,207;55,401;0;29/06/2020
27-FJM-P1-04;-21,207;55,4;0;29/06/2020
27-FJM-P1-05;-21,207;55,4;0;29/06/2020
27-FJM-P1-06;-21,207;55,4;0;29/06/2020
27-FJM-P1-07;-21,207;55,4;0;29/06/2020
27-FJM-P1-08;-21,207;55,399;0;29/06/2020
27-FJM-P1-09;-21,207;55,399;0;29/06/2020
27-FJM-P1-10;-21,206;55,4;0;29/06/2020
27-FJM-P2-01;-21,206;55,401;0;29/06/2020
27-FJM-P2-02;-21,206;55,401;0;29/06/2020
27-NS-P1-01;-21,082;55,277;0;29/06/2020
27-NS-P1-02;-21,083;55,277;0;29/06/2020
27-NS-P1-03;-21,082;55,278;0;29/06/2020
27-NS-P1-04;-21,082;55,278;0;29/06/2020
27-NS-P1-05;-21,082;55,278;0;29/06/2020
27-PJ-P1-01;-21,21;55,411;0;29/06/2020
27-PJ-P1-02;-21,21;55,411;0;29/06/2020
30-TR-P1-01;-21,282;55,558;0;20/07/2020
30-TR-P2-01;-21,282;55,559;0;20/07/2020
30-HG-P1-01;-21,264;55,537;0;20/07/2020
30-HG-P2-01;-21,245;55,534;0;20/07/2020
30-PP-P1-01;-21,239;55,51;0;20/07/2020
30-PP-P1-02;-21,239;55,51;0;20/07/2020
30-PP-P1-03;-21,239;55,511;0;20/07/2020
30-PP-P2-01;-21,24;55,509;0;20/07/2020
30-PP-P2-02;-21,24;55,509;0;20/07/2020
30-PP-P2-03;-21,24;55,509;0;20/07/2020
30-GMR-P1-01;-21,048;55,307;0;20/07/2020
30-GMR-P1-02;-21,049;55,307;0;20/07/2020
30-GMR-P1-03;-21,049;55,307;0;20/07/2020
30-GMR-P1-04;-21,049;55,307;0;20/07/2020
30-GMR-P1-05;-21,048;55,307;0;20/07/2020
30-GMR-P1-06;-21,048;55,307;0;20/07/2020
30-GMR-P1-07;-21,048;55,306;0;20/07/2020
30-GMR-P1-08;-21,048;55,306;0;20/07/2020
30-GMR-P1-09;-21,048;55,306;0;20/07/2020
30-GMR-P1-10;-21,048;55,306;0;20/07/2020
30-HS-P1-01;-21,053;55,302;0;20/07/2020
30-HS-P1-02;-21,054;55,302;0;20/07/2020
30-HS-P1-03;-21,054;55,302;0;20/07/2020
30-HS-P1-04;-21,054;55,303;0;20/07/2020
30-HS-P1-05;-21,054;55,303;0;20/07/2020
30-HS-P1-06;-21,054;55,303;0;20/07/2020
30-HS-P1-07;-21,055;55,302;0;20/07/2020
30-HS-P1-08;-21,055;55,303;0;20/07/2020
30-HS-P1-09;-21,055;55,303;0;20/07/2020
30-HS-P1-10;-21,054;55,303;0;20/07/2020
30-HS-P2-01;-21,055;55,302;0;20/07/2020
30-HS-P2-02;-21,055;55,302;0;20/07/2020
36-HB-P1-01;-21,036;55,521;0;31/08/2020
36-HB-P1-02;-21,036;55,521;0;31/08/2020
36-HB-P1-03;-21,036;55,521;0;31/08/2020
36-HB-P1-04;-21,037;55,521;0;31/08/2020
36-HB-P1-05;-21,036;55,521;0;31/08/2020
36-HB-P1-06;-21,037;55,521;0;31/08/2020
36-HB-P1-07;-21,037;55,52;0;31/08/2020
36-HB-P1-08;-21,037;55,52;0;31/08/2020
36-HB-P1-09;-21,037;55,52;0;31/08/2020
36-GJM-P1-01;-21,029;55,477;0;31/08/2020
36-GJM-P2-01;-21,029;55,477;0;31/08/2020
36-CA-P1-01;-21,003;55,573;0;31/08/2020
36-HC-P1-01;-21,325;55,617;0;31/08/2020
36-HC-P1-02;-21,324;55,617;0;31/08/2020
36-HC-P1-03;-21,324;55,617;0;31/08/2020
36-HC-P1-04;-21,324;55,617;0;31/08/2020
36-HC-P1-05;-21,324;55,617;0;31/08/2020
36-HC-P2-01;-21,323;55,617;0;31/08/2020
36-HC-P2-02;-21,323;55,617;0;31/08/2020
36-HC-P2-03;-21,323;55,617;0;31/08/2020
36-HC-P2-04;-21,323;55,617;0;31/08/2020
36-HC-P2-05;-21,323;55,618;0;31/08/2020
36-HJG-P1-01;-21,322;55,607;0;31/08/2020
36-HJG-P1-02;-21,322;55,606;0;31/08/2020
36-HA-P1-01;-21,354;55,658;0;31/08/2020
36-HA-P1-02;-21,354;55,658;0;31/08/2020
36-HDP-P1-01;-21,321;55,65;0;31/08/2020
36-HDP-P1-02;-21,321;55,65;0;31/08/2020
30-PE-P1-01;-21,283;55,541;1;20/07/2020
0102TP01;-21,256;55,494;0;01/02/2021
0102TP02;-21,257;55,492;0;01/02/2021
0102TP03;-21,258;55,492;1;01/02/2021
0102TP04;-21,255;55,493;1;01/02/2021
0102TP05;-21,255;55,492;0;01/02/2021
0102TP06;-21,255;55,491;1;01/02/2021
0102TP07;-21,257;55,489;1;01/02/2021
0102TP08;-21,258;55,488;1;01/02/2021
0102TP09;-21,257;55,49;0;01/02/2021
0102TP10;-21,255;55,497;0;01/02/2021
0102TP11;-21,256;55,489;1;01/02/2021
0102TP12;-21,255;55,489;0;01/02/2021
0102TP13;-21,255;55,487;0;01/02/2021
0102TP14;-21,256;55,487;0;01/02/2021
0102TP15;-21,257;55,483;1;01/02/2021
0202TP01;-21,241;55,507;1;02/02/2021
0202TP02;-21,244;55,505;1;02/02/2021
0202TP03;-21,236;55,507;1;02/02/2021
0202TP04;-21,234;55,502;0;02/02/2021
0202TP05;-21,232;55,501;0;02/02/2021
0202TP06;-21,284;55,515;0;02/02/2021
0202TP07;-21,236;55,501;0;02/02/2021
0202TP08;-21,287;55,523;0;02/02/2021
0202TP09;-21,282;55,538;1;02/02/2021
0202TP10;-21,282;55,539;1;02/02/2021
0202TP11;-21,279;55,542;1;02/02/2021
0202TP12;-21,28;55,542;0;02/02/2021
0202TP13;-21,279;55,545;1;02/02/2021
0802BP01;-21,333;55,489;1;08/02/2021
0802BP02;-21,332;55,49;1;08/02/2021
0802BP03;-21,327;55,495;0;08/02/2021
0802BP04;-21,325;55,496;1;08/02/2021
0802BP05;-21,326;55,495;1;08/02/2021
0802BP06;-21,327;55,494;1;08/02/2021
0802BP07;-21,325;55,497;1;08/02/2021
0902BP08;-21,33;55,486;1;09/02/2021
0902BP09;-21,328;55,491;1;09/02/2021
0902BP10;-21,328;55,493;0;09/02/2021
0902BP11;-21,33;55,489;1;09/02/2021
0902BP12;-21,33;55,488;1;09/02/2021
0902BP13;-21,322;55,502;0;09/02/2021
0902BP14;-21,318;55,505;1;09/02/2021
0902BP15;-21,33;55,491;0;09/02/2021
0902BP16;-21,329;55,492;1;09/02/2021
0902BP17;-21,33;55,492;1;09/02/2021
0902BP18;-21,326;55,498;1;09/02/2021
0902BP19;-21,325;55,499;1;09/02/2021
1002BP20;-21,325;55,498;0;10/02/2021
1002BP21;-21,329;55,495;0;10/02/2021
1002BP22;-21,329;55,495;1;10/02/2021
1002BP23;-21,326;55,498;1;10/02/2021
1002BP24;-21,328;55,501;1;10/02/2021
1002BP25;-21,322;55,508;1;10/02/2021
1002BP26;-21,33;55,504;0;10/02/2021
1002BP27;-21,318;55,495;0;10/02/2021
1002BP29;-21,318;55,495;1;10/02/2021
1502PI01;-21,35;55,571;1;15/02/2021
1502PI02;-21,349;55,57;0;15/02/2021
1502PI03;-21,351;55,57;1;15/02/2021
1502PI04;-21,354;55,568;1;15/02/2021
1502PI05;-21,353;55,568;0;15/02/2021
1502PI06;-21,357;55,568;1;15/02/2021
1502PI07;-21,357;55,57;0;15/02/2021
1502PI08;-21,358;55,568;1;15/02/2021
1502PI09;-21,36;55,566;0;15/02/2021
1502PI10;-21,36;55,567;1;15/02/2021
1502PI11;-21,359;55,566;1;15/02/2021
1502PI12;-21,362;55,565;1;15/02/2021
1502PI13;-21,36;55,562;1;15/02/2021
1502PI14;-21,357;55,565;0;15/02/2021
1502PI15;-21,358;55,564;1;15/02/2021
1602PI01;-21,352;55,563;0;16/02/2021
1602PI02;-21,351;55,563;1;16/02/2021
1602PI03;-21,352;55,562;1;16/02/2021
1602PI04;-21,352;55,564;1;16/02/2021
1602PI05;-21,352;55,565;1;16/02/2021
1602PI06;-21,348;55,563;0;16/02/2021
1602PI07;-21,347;55,563;1;16/02/2021
1602PI08;-21,347;55,561;0;16/02/2021
1602PI09;-21,348;55,56;0;16/02/2021
1602PI10;-21,346;55,561;0;16/02/2021
1602PI11;-21,349;55,562;1;16/02/2021
1602PI12;-21,35;55,561;1;16/02/2021
1602PI13;-21,343;55,561;1;16/02/2021
0203MK01;-21,226;55,411;0;02/03/2021
0203MK02;-21,224;55,41;0;02/03/2021
0203MK03;-21,222;55,408;1;02/03/2021
0203MK04;-21,221;55,408;0;02/03/2021
0203MK05;-21,21;55,403;0;02/03/2021
0203MK06;-21,212;55,403;0;02/03/2021
0203MK07;-21,216;55,402;0;02/03/2021
0203MK08;-21,217;55,403;0;02/03/2021
0203MK09;-21,22;55,403;1;02/03/2021
0203MK10;-21,221;55,404;1;02/03/2021
0203MK11;-21,219;55,405;0;02/03/2021
0203MK12;-21,218;55,405;1;02/03/2021
0203MK13;-21,208;55,403;0;02/03/2021
0203MK14;-21,207;55,402;0;02/03/2021
0203MK15;-21,202;55,406;0;02/03/2021
0203MK16;-21,204;55,403;1;02/03/2021
0203MK17;-21,206;55,404;0;02/03/2021
0303MK18;-21,211;55,407;0;03/03/2021
0303MK19;-21,214;55,406;0;03/03/2021
0303MK20;-21,213;55,405;1;03/03/2021
0303MK21;-21,212;55,405;0;03/03/2021
0303MK22;-21,21;55,405;1;03/03/2021
0303MK23;-21,209;55,406;1;03/03/2021
0303MK24;-21,208;55,407;1;03/03/2021
0303MK25;-21,206;55,407;0;03/03/2021
0303MK26;-21,206;55,408;0;03/03/2021
0303MK27;-21,203;55,411;0;03/03/2021
0303MK28;-21,207;55,41;0;03/03/2021
0803SP01;-21,02;55,294;0;08/03/2021
0803SP02;-21,019;55,295;1;08/03/2021
0803SP03;-21,019;55,294;0;08/03/2021
0803SP04;-21,016;55,292;0;08/03/2021
0803SP05;-21,022;55,298;0;08/03/2021
0803SP06;-21,022;55,296;0;08/03/2021
0803SP07;-21,022;55,295;0;08/03/2021
0803SP08;-21,021;55,3;1;08/03/2021
0803SP09;-21,02;55,299;0;08/03/2021
0803SP10;-21,021;55,302;0;08/03/2021
0803SP11;-21,025;55,305;0;08/03/2021
0803SP12;-21,03;55,312;1;08/03/2021
0803SP13;-21,029;55,308;0;08/03/2021
0803SP14;-21,028;55,309;0;08/03/2021
0803SP15;-21,029;55,31;0;08/03/2021
0803SP16;-21,028;55,309;0;08/03/2021
0903SP17;-21,036;55,295;1;09/03/2021
0903SP18;-21,035;55,294;0;09/03/2021
0903SP19;-21,034;55,29;1;09/03/2021
0903SP20;-21,033;55,296;1;09/03/2021
0903SP21;-21,035;55,298;1;09/03/2021
0903SP22;-21,036;55,299;0;09/03/2021
0903SP23;-21,04;55,302;1;09/03/2021
0903SP24;-21,036;55,3;0;09/03/2021
0903SP25;-21,037;55,303;1;09/03/2021
0903SP26;-21,038;55,304;1;09/03/2021
0903SP27;-21,039;55,305;1;09/03/2021
0903SP28;-21,039;55,307;0;09/03/2021
1503SZ01;-20,989;55,617;0;15/03/2021
1503SZ02;-21,001;55,592;1;15/03/2021
1503SZ03;-21,002;55,574;0;15/03/2021
1503SZ04;-21,003;55,573;1;15/03/2021
1503SZ05;-21;55,579;1;15/03/2021
1503SZ06;-21;55,58;0;15/03/2021
1503SZ07;-21,003;55,575;0;15/03/2021
1503SZ08;-21,016;55,554;1;15/03/2021
1503SZ09;-21,016;55,553;1;15/03/2021
1503SZ10;-21,019;55,551;1;15/03/2021
1503SZ11;-21,026;55,545;1;15/03/2021
1503SZ12;-21,026;55,545;1;15/03/2021
1503SZ13;-21,026;55,542;0;15/03/2021
1503SZ14;-21,027;55,541;1;15/03/2021
1503SZ15;-21,025;55,539;0;15/03/2021
1503SZ16;-21,026;55,537;1;15/03/2021
1503SZ17;-21,025;55,535;1;15/03/2021
1503SZ18;-21,023;55,537;0;15/03/2021
1503SZ19;-21,023;55,535;0;15/03/2021
1503SZ20;-21,022;55,534;0;15/03/2021
1503SZ21;-21,022;55,535;1;15/03/2021
1503SZ22;-21,022;55,537;0;15/03/2021
1503SZ23;-21,021;55,54;1;15/03/2021
1503SZ24;-21,019;55,54;1;15/03/2021
1503SZ25;-21,022;55,541;1;15/03/2021
1503SZ26;-21,02;55,545;1;15/03/2021
1503SZ27;-21,026;55,54;0;15/03/2021
1503SZ28;-21,034;55,536;1;15/03/2021
1603SM01;-20,931;55,526;0;16/03/2021
1603SM02;-20,931;55,526;0;16/03/2021
1603SM03;-20,933;55,526;0;16/03/2021
1603SM04;-20,932;55,527;0;16/03/2021
1603SM05;-20,931;55,528;1;16/03/2021
1603SM06;-20,93;55,527;1;16/03/2021
1603SM07;-20,929;55,526;1;16/03/2021
1703SM08;-20,927;55,523;0;17/03/2021
1703SM09;-20,927;55,523;1;17/03/2021
1703SM10;-20,928;55,524;1;17/03/2021
1703SM11;-20,925;55,524;0;17/03/2021
1703SM12;-20,924;55,52;1;17/03/2021
1703SM13;-20,923;55,519;1;17/03/2021
1703SM14;-20,923;55,518;1;17/03/2021
1703SM15;-20,921;55,519;0;17/03/2021
1703SM16;-20,922;55,518;0;17/03/2021
1703SM17;-20,936;55,526;1;17/03/2021
1703SM18;-20,937;55,526;1;17/03/2021
1703SM19;-20,934;55,527;1;17/03/2021
1703SM20;-20,934;55,528;1;17/03/2021
1703SM21;-20,9;55,516;0;17/03/2021
1703SM22;-20,935;55,532;1;17/03/2021
1703SM23;-20,934;55,532;0;17/03/2021
1703SM24;-20,933;55,531;0;17/03/2021
1703SM25;-20,931;55,531;0;17/03/2021
1703SM26;-20,935;55,531;1;17/03/2021
1703SM27;-20,938;55,531;0;17/03/2021
1703SM28;-20,94;55,532;1;17/03/2021
0604SB01;-21,093;55,704;0;06/04/2021
0604SB02;-21,094;55,703;0;06/04/2021
0604SB03;-21,095;55,702;1;06/04/2021
0604SB04;-21,094;55,705;0;06/04/2021
0604SB05;-21,095;55,706;0;06/04/2021
0604SB06;-21,111;55,714;1;06/04/2021
0604SB07;-21,111;55,712;0;06/04/2021
0604SB08;-21,113;55,705;0;06/04/2021
0604SB09;-21,112;55,704;1;06/04/2021
0604SB10;-21,112;55,701;0;06/04/2021
0604SB11;-21,116;55,714;1;06/04/2021
0604SB12;-21,109;55,722;0;06/04/2021
0604SB13;-21,112;55,723;1;06/04/2021
0604SB14;-21,113;55,725;1;06/04/2021
0604SB15;-21,114;55,724;0;06/04/2021
0604SB16;-21,112;55,726;0;06/04/2021
0604SB17;-21,114;55,729;0;06/04/2021
0604SB18;-21,115;55,728;0;06/04/2021
0604SB19;-21,114;55,726;1;06/04/2021
0604SB20;-21,114;55,725;1;06/04/2021
0604SB21;-21,116;55,724;0;06/04/2021
0604SB22;-21,117;55,723;0;06/04/2021
0604SB23;-21,115;55,732;0;06/04/2021
0604SB24;-21,117;55,751;0;06/04/2021
0604SB25;-21,116;55,752;1;06/04/2021
0604SB26;-21,115;55,749;0;06/04/2021
0604SB27;-21,115;55,749;0;06/04/2021
0604SB28;-21,091;55,748;1;06/04/2021
